Daily Dates,Daily Closing Prices,Weekly Dates,Weekly Closing Prices,Monthly Dates,Monthly Closing Prices,Annually Dates,Annually Closing Prices
29/12/2022,1846,29/12/2022,1846,29/12/2022,1846,29/12/2022,1846
28/12/2022,1837,22/12/2022,1870,30/11/2022,1912,30/12/2021,1748
27/12/2022,1769,15/12/2022,1802,31/10/2022,1772,31/12/2020,1584
26/12/2022,1799,08/12/2022,1813,29/09/2022,1815,31/12/2019,1099
25/12/2022,1835,01/12/2022,1918,31/08/2022,2089,31/12/2018,2210
22/12/2022,1870,24/11/2022,1902,31/07/2022,1915,31/12/2017,3580
21/12/2022,1869,17/11/2022,1789,30/06/2022,1720,29/12/2016,3100
20/12/2022,1869,10/11/2022,1770,31/05/2022,1633,31/12/2015,2423
19/12/2022,1845,03/11/2022,1725,28/04/2022,1950,31/12/2014,3396
18/12/2022,1814,27/10/2022,1653,31/03/2022,1844,31/12/2013,4784
15/12/2022,1802,20/10/2022,1717,28/02/2022,1639,31/12/2012,3075
14/12/2022,1798,13/10/2022,1743,31/01/2022,1847,29/12/2011,6373
13/12/2022,1790,06/10/2022,1822,30/12/2021,1748,,
12/12/2022,1745,29/09/2022,1815,30/11/2021,1350,,
11/12/2022,1765,22/09/2022,1858,31/10/2021,1199,,
08/12/2022,1813,15/09/2022,1890,30/09/2021,1125,,
07/12/2022,1825,08/09/2022,2071,31/08/2021,1209,,
06/12/2022,1951,01/09/2022,2159,29/07/2021,1224,,
05/12/2022,1970,25/08/2022,2059,30/06/2021,1417,,
04/12/2022,1940,18/08/2022,1954,31/05/2021,1310,,
01/12/2022,1918,11/08/2022,1929,29/04/2021,1257,,
30/11/2022,1912,04/08/2022,1964,31/03/2021,1250,,
29/11/2022,1928,28/07/2022,1837,28/02/2021,1320,,
28/11/2022,1844,21/07/2022,1845,31/01/2021,1331,,
27/11/2022,1899,14/07/2022,1693,31/12/2020,1584,,
24/11/2022,1902,07/07/2022,1803,30/11/2020,1503,,
23/11/2022,1901,30/06/2022,1720,29/10/2020,1323,,
22/11/2022,1909,23/06/2022,1785,30/09/2020,1400,,
21/11/2022,1866,16/06/2022,1527,31/08/2020,1225,,
20/11/2022,1803,09/06/2022,1693,29/07/2020,1320,,
17/11/2022,1789,02/06/2022,1681,30/06/2020,1360,,
16/11/2022,1779,26/05/2022,1653,31/05/2020,1056,,
15/11/2022,1774,19/05/2022,1722,30/04/2020,1288,,
14/11/2022,1780,12/05/2022,1912,31/03/2020,1040,,
13/11/2022,1805,03/05/2022,1866,27/02/2020,1273,,
10/11/2022,1770,28/04/2022,1950,30/01/2020,1255,,
09/11/2022,1715,19/04/2022,1928,31/12/2019,1099,,
08/11/2022,1773,14/04/2022,1892,28/11/2019,988.5,,
07/11/2022,1750,07/04/2022,1829,31/10/2019,900,,
06/11/2022,1758,31/03/2022,1844,26/09/2019,977.5,,
03/11/2022,1725,24/03/2022,1819,29/08/2019,819.9,,
02/11/2022,1727,16/03/2022,1777,31/07/2019,1008,,
31/10/2022,1772,10/03/2022,1657,30/06/2019,1027,,
30/10/2022,1682,03/03/2022,1720,30/05/2019,1370,,
27/10/2022,1653,24/02/2022,1659,30/04/2019,1505,,
26/10/2022,1654,17/02/2022,1789,31/03/2019,1324,,
25/10/2022,1661,10/02/2022,1774,28/02/2019,1594,,
24/10/2022,1620,03/02/2022,1786,31/01/2019,1917,,
23/10/2022,1695,27/01/2022,1839,31/12/2018,2210,,
20/10/2022,1717,20/01/2022,1797,29/11/2018,2666,,
19/10/2022,1728,13/01/2022,1850,31/10/2018,2350,,
18/10/2022,1765,06/01/2022,1735,27/09/2018,2490,,
13/10/2022,1743,30/12/2021,1748,30/08/2018,2120,,
12/10/2022,1760,23/12/2021,1705,31/07/2018,2094,,
11/10/2022,1788,16/12/2021,1650,28/06/2018,2077,,
06/10/2022,1822,09/12/2021,1570,31/05/2018,2500,,
03/10/2022,1790,02/12/2021,1468,30/04/2018,2465,,
02/10/2022,1721,25/11/2021,1370,29/03/2018,2478,,
29/09/2022,1815,18/11/2021,1419,28/02/2018,2892,,
28/09/2022,1813,11/11/2021,1242,31/01/2018,3194,,
22/09/2022,1858,04/11/2021,1275,31/12/2017,3580,,
21/09/2022,1944,28/10/2021,1194,30/11/2017,3470,,
20/09/2022,1887,21/10/2021,1067,31/10/2017,3403,,
19/09/2022,1872,14/10/2021,1101,28/09/2017,3289,,
18/09/2022,1822,07/10/2021,1126,31/08/2017,3183,,
15/09/2022,1890,30/09/2021,1125,31/07/2017,3318,,
14/09/2022,1918,23/09/2021,1049,29/06/2017,3361,,
13/09/2022,1956,14/09/2021,973,29/05/2017,3445,,
12/09/2022,2014,09/09/2021,998.7,30/04/2017,3527,,
11/09/2022,2078,02/09/2021,1070,30/03/2017,3755,,
08/09/2022,2071,26/08/2021,1251,28/02/2017,4015,,
07/09/2022,2077,19/08/2021,1188,31/01/2017,3966,,
06/09/2022,2119,12/08/2021,1234,29/12/2016,3100,,
05/09/2022,2107,05/08/2021,1220,30/11/2016,3126,,
04/09/2022,2131,29/07/2021,1224,31/10/2016,2897,,
01/09/2022,2159,22/07/2021,1210,29/09/2016,2800,,
31/08/2022,2089,15/07/2021,1217,31/08/2016,2837,,
30/08/2022,2064,08/07/2021,1290,31/07/2016,2775,,
29/08/2022,2065,01/07/2021,1396,30/06/2016,2570,,
28/08/2022,2057,24/06/2021,1475,31/05/2016,3206,,
25/08/2022,2059,17/06/2021,1553,27/04/2016,2822,,
24/08/2022,2060,10/06/2021,1290,31/03/2016,2678,,
23/08/2022,2034,03/06/2021,1251,29/02/2016,2354,,
22/08/2022,1974,27/05/2021,1263,31/01/2016,2577,,
21/08/2022,1954,20/05/2021,1221,31/12/2015,2423,,
18/08/2022,1954,13/05/2021,1213,30/11/2015,2760,,
17/08/2022,1951,06/05/2021,1284,29/10/2015,2880,,
16/08/2022,1935,29/04/2021,1257,30/09/2015,2460,,
15/08/2022,1929,22/04/2021,1240,31/08/2015,2556,,
14/08/2022,1908,13/04/2021,1176,30/07/2015,2340,,
11/08/2022,1929,08/04/2021,1168,30/06/2015,1509,,
10/08/2022,2060,01/04/2021,1247,31/05/2015,1565,,
09/08/2022,1985,25/03/2021,1236,30/04/2015,1781,,
08/08/2022,2000,18/03/2021,1249,31/03/2015,1923,,
04/08/2022,1964,11/03/2021,1266,26/02/2015,2352,,
03/08/2022,1954,04/03/2021,1297,29/01/2015,2079,,
02/08/2022,1881,25/02/2021,1338,31/12/2014,3396,,
01/08/2022,1911,18/02/2021,1205,30/11/2014,3685,,
31/07/2022,1915,11/02/2021,1271,30/10/2014,3838,,
28/07/2022,1837,04/02/2021,1200,30/09/2014,4070,,
27/07/2022,1852,28/01/2021,1368,31/08/2014,4157,,
26/07/2022,1854,21/01/2021,1485,31/07/2014,4239,,
25/07/2022,1811,14/01/2021,1697,30/06/2014,4185,,
24/07/2022,1856,07/01/2021,1509,29/05/2014,4550,,
21/07/2022,1845,31/12/2020,1584,30/04/2014,4382,,
20/07/2022,1855,24/12/2020,1563,31/03/2014,4774,,
19/07/2022,1802,17/12/2020,1649,27/02/2014,4407,,
18/07/2022,1800,10/12/2020,1572,30/01/2014,4406,,
17/07/2022,1800,03/12/2020,1475,31/12/2013,4784,,
14/07/2022,1693,26/11/2020,1578,28/11/2013,4770,,
13/07/2022,1762,19/11/2020,1595,31/10/2013,4124,,
12/07/2022,1799,12/11/2020,1356,30/09/2013,3935,,
11/07/2022,1809,05/11/2020,1300,29/08/2013,3971,,
10/07/2022,1802,29/10/2020,1323,31/07/2013,3991,,
07/07/2022,1803,22/10/2020,1392,30/06/2013,3373,,
06/07/2022,1789,15/10/2020,1353,30/05/2013,3220,,
05/07/2022,1763,08/10/2020,1321,30/04/2013,3470,,
04/07/2022,1783,01/10/2020,1360,28/03/2013,3046,,
03/07/2022,1781,24/09/2020,1297,28/02/2013,2715,,
30/06/2022,1720,17/09/2020,1310,31/01/2013,2772,,
29/06/2022,1764,10/09/2020,1143,31/12/2012,3075,,
28/06/2022,1780,03/09/2020,1090,29/11/2012,3789,,
27/06/2022,1790,27/08/2020,1272,31/10/2012,3470,,
26/06/2022,1800,20/08/2020,1227,27/09/2012,3365,,
23/06/2022,1785,13/08/2020,1336,30/08/2012,2815,,
22/06/2022,1770,06/08/2020,1242,31/07/2012,2236,,
21/06/2022,1760,29/07/2020,1320,28/06/2012,2370,,
20/06/2022,1630,23/07/2020,1321,31/05/2012,2750,,
19/06/2022,1596,16/07/2020,1415,30/04/2012,4735,,
16/06/2022,1527,09/07/2020,1317,29/03/2012,4698,,
15/06/2022,1606,02/07/2020,1392,29/02/2012,5128,,
14/06/2022,1508,25/06/2020,1360,31/01/2012,5441,,
13/06/2022,1523,18/06/2020,1320,29/12/2011,6373,,
12/06/2022,1623,11/06/2020,1252,,,,
09/06/2022,1693,04/06/2020,1124,,,,
08/06/2022,1728,27/05/2020,1098,,,,
07/06/2022,1680,21/05/2020,1137,,,,
06/06/2022,1705,14/05/2020,1190,,,,
02/06/2022,1681,07/05/2020,1217,,,,
01/06/2022,1710,30/04/2020,1288,,,,
31/05/2022,1633,23/04/2020,1198,,,,
30/05/2022,1693,16/04/2020,1171,,,,
29/05/2022,1740,07/04/2020,1310,,,,
26/05/2022,1653,02/04/2020,1063,,,,
25/05/2022,1556,26/03/2020,932.2,,,,
24/05/2022,1599,19/03/2020,901,,,,
23/05/2022,1680,12/03/2020,791,,,,
22/05/2022,1760,05/03/2020,1086,,,,
19/05/2022,1722,27/02/2020,1273,,,,
18/05/2022,1865,20/02/2020,1413,,,,
17/05/2022,1950,13/02/2020,1420,,,,
16/05/2022,1892,06/02/2020,1372,,,,
15/05/2022,1874,30/01/2020,1255,,,,
12/05/2022,1912,23/01/2020,1165,,,,
11/05/2022,1955,16/01/2020,1100,,,,
10/05/2022,1908,09/01/2020,996.8,,,,
09/05/2022,1804,02/01/2020,1050,,,,
08/05/2022,1815,26/12/2019,1038,,,,
03/05/2022,1866,19/12/2019,952,,,,
02/05/2022,1850,12/12/2019,1051,,,,
01/05/2022,1946,05/12/2019,954.4,,,,
28/04/2022,1950,28/11/2019,988.5,,,,
27/04/2022,1880,21/11/2019,998.8,,,,
26/04/2022,1910,14/11/2019,864.3,,,,
25/04/2022,1918,07/11/2019,809.8,,,,
24/04/2022,1887,31/10/2019,900,,,,
20/04/2022,1888,24/10/2019,891.3,,,,
19/04/2022,1928,17/10/2019,941.2,,,,
18/04/2022,1919,10/10/2019,923,,,,
17/04/2022,1905,03/10/2019,936,,,,
14/04/2022,1892,26/09/2019,977.5,,,,
13/04/2022,1880,19/09/2019,749.9,,,,
12/04/2022,1919,12/09/2019,746.7,,,,
11/04/2022,1864,05/09/2019,783,,,,
10/04/2022,1850,29/08/2019,819.9,,,,
07/04/2022,1829,22/08/2019,837.9,,,,
06/04/2022,1850,15/08/2019,826.3,,,,
05/04/2022,1870,08/08/2019,902,,,,
04/04/2022,1885,01/08/2019,999,,,,
03/04/2022,1859,25/07/2019,1041,,,,
31/03/2022,1844,18/07/2019,1143,,,,
30/03/2022,1840,11/07/2019,1060,,,,
29/03/2022,1850,04/07/2019,992,,,,
28/03/2022,1850,27/06/2019,1022,,,,
27/03/2022,1845,20/06/2019,1071,,,,
24/03/2022,1819,13/06/2019,1150,,,,
23/03/2022,1795,06/06/2019,1163,,,,
22/03/2022,1799,30/05/2019,1370,,,,
21/03/2022,1809,23/05/2019,1565,,,,
20/03/2022,1790,16/05/2019,1636,,,,
16/03/2022,1777,07/05/2019,1559,,,,
15/03/2022,1701,02/05/2019,1469,,,,
14/03/2022,1729,24/04/2019,1645,,,,
13/03/2022,1707,18/04/2019,1559,,,,
10/03/2022,1657,11/04/2019,1394,,,,
09/03/2022,1675,04/04/2019,1345,,,,
08/03/2022,1645,28/03/2019,1314,,,,
07/03/2022,1643,20/03/2019,1357,,,,
06/03/2022,1696,14/03/2019,1615,,,,
03/03/2022,1720,07/03/2019,1584,,,,
02/03/2022,1760,28/02/2019,1594,,,,
01/03/2022,1701,21/02/2019,1679,,,,
28/02/2022,1639,14/02/2019,1883,,,,
27/02/2022,1656,07/02/2019,1971,,,,
24/02/2022,1659,31/01/2019,1917,,,,
23/02/2022,1728,24/01/2019,1847,,,,
22/02/2022,1745,17/01/2019,1930,,,,
21/02/2022,1788,10/01/2019,2046,,,,
20/02/2022,1785,03/01/2019,2080,,,,
17/02/2022,1789,27/12/2018,2233,,,,
16/02/2022,1775,20/12/2018,2382,,,,
15/02/2022,1752,13/12/2018,2600,,,,
14/02/2022,1724,06/12/2018,2610,,,,
13/02/2022,1709,29/11/2018,2666,,,,
10/02/2022,1774,22/11/2018,2590,,,,
09/02/2022,1775,15/11/2018,2372,,,,
08/02/2022,1681,08/11/2018,2530,,,,
07/02/2022,1768,01/11/2018,2380,,,,
06/02/2022,1768,25/10/2018,2125,,,,
03/02/2022,1786,18/10/2018,2310,,,,
02/02/2022,1824,11/10/2018,2365,,,,
01/02/2022,1870,04/10/2018,2495,,,,
31/01/2022,1847,27/09/2018,2490,,,,
30/01/2022,1864,20/09/2018,2460,,,,
27/01/2022,1839,13/09/2018,2187,,,,
26/01/2022,1800,06/09/2018,2136,,,,
25/01/2022,1719,30/08/2018,2120,,,,
24/01/2022,1692,23/08/2018,2268,,,,
23/01/2022,1769,16/08/2018,2090,,,,
20/01/2022,1797,09/08/2018,2156,,,,
19/01/2022,1828,02/08/2018,2107,,,,
18/01/2022,1935,26/07/2018,2068,,,,
17/01/2022,1960,19/07/2018,2070,,,,
16/01/2022,1900,12/07/2018,2029,,,,
13/01/2022,1850,05/07/2018,2021,,,,
12/01/2022,1820,28/06/2018,2077,,,,
11/01/2022,1735,21/06/2018,2025,,,,
10/01/2022,1705,14/06/2018,2279,,,,
09/01/2022,1752,07/06/2018,2425,,,,
06/01/2022,1735,31/05/2018,2500,,,,
05/01/2022,1808,24/05/2018,2485,,,,
04/01/2022,1730,17/05/2018,2443,,,,
03/01/2022,1788,10/05/2018,2625,,,,
02/01/2022,1820,03/05/2018,2559,,,,
30/12/2021,1748,26/04/2018,2609,,,,
29/12/2021,1758,17/04/2018,2686,,,,
28/12/2021,1748,12/04/2018,2503,,,,
27/12/2021,1720,04/04/2018,2312,,,,
26/12/2021,1747,29/03/2018,2478,,,,
23/12/2021,1705,22/03/2018,2562,,,,
22/12/2021,1680,15/03/2018,2567,,,,
21/12/2021,1633,08/03/2018,2735,,,,
20/12/2021,1623,28/02/2018,2892,,,,
19/12/2021,1678,22/02/2018,2910,,,,
16/12/2021,1650,15/02/2018,2870,,,,
15/12/2021,1631,08/02/2018,2924,,,,
14/12/2021,1593,01/02/2018,3125,,,,
13/12/2021,1620,25/01/2018,3325,,,,
12/12/2021,1640,18/01/2018,3380,,,,
09/12/2021,1570,11/01/2018,3523,,,,
08/12/2021,1577,04/01/2018,3603,,,,
07/12/2021,1557,28/12/2017,3589,,,,
06/12/2021,1561,21/12/2017,3575,,,,
05/12/2021,1449,14/12/2017,3420,,,,
02/12/2021,1468,07/12/2017,3530,,,,
01/12/2021,1468,30/11/2017,3470,,,,
30/11/2021,1350,23/11/2017,3523,,,,
29/11/2021,1370,16/11/2017,3300,,,,
28/11/2021,1333,09/11/2017,3320,,,,
25/11/2021,1370,02/11/2017,3350,,,,
24/11/2021,1435,26/10/2017,3393,,,,
23/11/2021,1469,19/10/2017,3376,,,,
22/11/2021,1484,10/10/2017,3348,,,,
21/11/2021,1436,03/10/2017,3357,,,,
18/11/2021,1419,28/09/2017,3289,,,,
17/11/2021,1379,19/09/2017,3336,,,,
16/11/2021,1346,14/09/2017,3305,,,,
15/11/2021,1244,07/09/2017,3389,,,,
14/11/2021,1257,31/08/2017,3183,,,,
11/11/2021,1242,24/08/2017,3044,,,,
10/11/2021,1254,17/08/2017,3072,,,,
09/11/2021,1279,10/08/2017,3198,,,,
08/11/2021,1303,03/08/2017,3333,,,,
07/11/2021,1298,27/07/2017,3323,,,,
04/11/2021,1275,20/07/2017,3405,,,,
03/11/2021,1260,13/07/2017,3454,,,,
02/11/2021,1220,06/07/2017,3285,,,,
01/11/2021,1234,29/06/2017,3361,,,,
31/10/2021,1199,22/06/2017,3286,,,,
28/10/2021,1194,15/06/2017,3262,,,,
27/10/2021,1180,08/06/2017,3460,,,,
26/10/2021,1168,01/06/2017,3503,,,,
25/10/2021,1191,25/05/2017,3503,,,,
24/10/2021,1075,18/05/2017,3599,,,,
21/10/2021,1067,11/05/2017,3803,,,,
20/10/2021,1053,04/05/2017,3571,,,,
19/10/2021,1052,27/04/2017,3580,,,,
18/10/2021,1067,20/04/2017,3656,,,,
17/10/2021,1092,13/04/2017,3610,,,,
14/10/2021,1101,06/04/2017,3800,,,,
13/10/2021,1105,30/03/2017,3755,,,,
12/10/2021,1138,23/03/2017,3749,,,,
11/10/2021,1139,16/03/2017,3799,,,,
10/10/2021,1133,09/03/2017,3930,,,,
07/10/2021,1126,02/03/2017,4095,,,,
06/10/2021,1053,23/02/2017,4008,,,,
05/10/2021,1033,16/02/2017,3894,,,,
04/10/2021,1063,09/02/2017,3845,,,,
03/10/2021,1102,02/02/2017,3755,,,,
30/09/2021,1125,26/01/2017,3934,,,,
29/09/2021,1101,19/01/2017,3630,,,,
26/09/2021,1038,12/01/2017,3790,,,,
23/09/2021,1049,05/01/2017,3794,,,,
22/09/2021,1032,29/12/2016,3100,,,,
19/09/2021,1024,22/12/2016,3083,,,,
14/09/2021,973,15/12/2016,3183,,,,
13/09/2021,980,08/12/2016,3244,,,,
12/09/2021,999,01/12/2016,3092,,,,
09/09/2021,998.7,24/11/2016,2992,,,,
05/09/2021,1030,17/11/2016,2838,,,,
02/09/2021,1070,10/11/2016,2775,,,,
01/09/2021,1148,03/11/2016,2780,,,,
31/08/2021,1209,27/10/2016,2845,,,,
30/08/2021,1259,20/10/2016,3019,,,,
29/08/2021,1245,13/10/2016,2957,,,,
26/08/2021,1251,06/10/2016,2928,,,,
25/08/2021,1263,29/09/2016,2800,,,,
24/08/2021,1255,22/09/2016,2918,,,,
23/08/2021,1216,15/09/2016,2812,,,,
22/08/2021,1208,08/09/2016,2899,,,,
19/08/2021,1188,01/09/2016,2744,,,,
18/08/2021,1164,25/08/2016,2863,,,,
17/08/2021,1169,18/08/2016,2905,,,,
16/08/2021,1201,11/08/2016,2861,,,,
15/08/2021,1223,04/08/2016,2667,,,,
12/08/2021,1234,28/07/2016,2740,,,,
11/08/2021,1220,21/07/2016,2624,,,,
10/08/2021,1203,14/07/2016,2776,,,,
09/08/2021,1199,07/07/2016,2512,,,,
08/08/2021,1202,30/06/2016,2570,,,,
05/08/2021,1220,23/06/2016,2415,,,,
04/08/2021,1186,16/06/2016,2500,,,,
03/08/2021,1190,09/06/2016,3039,,,,
02/08/2021,1220,02/06/2016,3249,,,,
01/08/2021,1220,26/05/2016,3197,,,,
29/07/2021,1224,19/05/2016,2940,,,,
28/07/2021,1207,10/05/2016,2822,,,,
27/07/2021,1197,05/05/2016,2904,,,,
26/07/2021,1203,27/04/2016,2822,,,,
25/07/2021,1232,21/04/2016,2869,,,,
22/07/2021,1210,14/04/2016,2789,,,,
21/07/2021,1220,07/04/2016,2800,,,,
20/07/2021,1186,31/03/2016,2678,,,,
19/07/2021,1186,23/03/2016,2566,,,,
15/07/2021,1217,17/03/2016,2555,,,,
14/07/2021,1250,10/03/2016,2233,,,,
13/07/2021,1275,03/03/2016,2392,,,,
12/07/2021,1271,25/02/2016,2317,,,,
11/07/2021,1316,18/02/2016,2360,,,,
08/07/2021,1290,11/02/2016,2339,,,,
07/07/2021,1352,04/02/2016,2530,,,,
06/07/2021,1371,28/01/2016,2530,,,,
05/07/2021,1330,21/01/2016,2502,,,,
04/07/2021,1377,14/01/2016,2611,,,,
01/07/2021,1396,07/01/2016,2660,,,,
30/06/2021,1417,31/12/2015,2423,,,,
29/06/2021,1445,24/12/2015,2457,,,,
28/06/2021,1474,17/12/2015,2520,,,,
27/06/2021,1499,10/12/2015,2652,,,,
24/06/2021,1475,03/12/2015,2815,,,,
23/06/2021,1514,26/11/2015,2828,,,,
22/06/2021,1560,19/11/2015,2839,,,,
21/06/2021,1567,12/11/2015,2825,,,,
20/06/2021,1573,05/11/2015,2850,,,,
17/06/2021,1553,29/10/2015,2880,,,,
16/06/2021,1540,22/10/2015,2948,,,,
15/06/2021,1465,15/10/2015,2722,,,,
14/06/2021,1379,08/10/2015,2470,,,,
13/06/2021,1314,01/10/2015,2380,,,,
10/06/2021,1290,24/09/2015,2620,,,,
09/06/2021,1288,17/09/2015,2700,,,,
08/06/2021,1257,10/09/2015,2725,,,,
07/06/2021,1260,03/09/2015,2599,,,,
06/06/2021,1263,27/08/2015,2560,,,,
03/06/2021,1251,20/08/2015,2421,,,,
02/06/2021,1271,13/08/2015,2370,,,,
01/06/2021,1273,06/08/2015,2243,,,,
31/05/2021,1310,30/07/2015,2340,,,,
30/05/2021,1286,23/07/2015,2170,,,,
27/05/2021,1263,16/07/2015,1895,,,,
26/05/2021,1266,09/07/2015,1396,,,,
25/05/2021,1258,02/07/2015,1445,,,,
24/05/2021,1266,25/06/2015,1565,,,,
23/05/2021,1262,18/06/2015,1455,,,,
20/05/2021,1221,11/06/2015,1506,,,,
19/05/2021,1192,04/06/2015,1579,,,,
18/05/2021,1190,28/05/2015,1593,,,,
13/05/2021,1213,21/05/2015,1560,,,,
12/05/2021,1205,14/05/2015,1558,,,,
11/05/2021,1193,07/05/2015,1718,,,,
10/05/2021,1234,30/04/2015,1781,,,,
09/05/2021,1270,21/04/2015,1902,,,,
06/05/2021,1284,16/04/2015,2020,,,,
05/05/2021,1280,08/04/2015,1905,,,,
04/05/2021,1273,02/04/2015,1845,,,,
03/05/2021,1279,26/03/2015,2040,,,,
02/05/2021,1268,19/03/2015,2052,,,,
29/04/2021,1257,12/03/2015,2010,,,,
28/04/2021,1266,04/03/2015,2380,,,,
27/04/2021,1271,26/02/2015,2352,,,,
26/04/2021,1290,19/02/2015,2364,,,,
25/04/2021,1279,12/02/2015,2230,,,,
22/04/2021,1240,05/02/2015,2170,,,,
21/04/2021,1180,29/01/2015,2079,,,,
20/04/2021,1160,22/01/2015,2150,,,,
19/04/2021,1138,15/01/2015,2387,,,,
18/04/2021,1146,08/01/2015,2739,,,,
13/04/2021,1176,01/01/2015,3269,,,,
12/04/2021,1205,25/12/2014,3667,,,,
11/04/2021,1176,18/12/2014,3527,,,,
08/04/2021,1168,11/12/2014,3597,,,,
07/04/2021,1175,04/12/2014,3687,,,,
06/04/2021,1186,27/11/2014,3638,,,,
05/04/2021,1225,20/11/2014,3552,,,,
04/04/2021,1245,13/11/2014,3550,,,,
01/04/2021,1247,06/11/2014,3781,,,,
31/03/2021,1250,30/10/2014,3838,,,,
30/03/2021,1253,23/10/2014,3950,,,,
29/03/2021,1270,14/10/2014,4026,,,,
25/03/2021,1236,07/10/2014,4171,,,,
24/03/2021,1253,02/10/2014,4075,,,,
22/03/2021,1253,23/09/2014,4221,,,,
21/03/2021,1248,18/09/2014,4232,,,,
18/03/2021,1249,11/09/2014,4420,,,,
17/03/2021,1229,04/09/2014,4316,,,,
16/03/2021,1261,28/08/2014,4183,,,,
15/03/2021,1242,21/08/2014,4113,,,,
14/03/2021,1247,14/08/2014,4270,,,,
11/03/2021,1266,07/08/2014,4179,,,,
10/03/2021,1253,31/07/2014,4239,,,,
09/03/2021,1278,24/07/2014,4220,,,,
08/03/2021,1288,17/07/2014,4119,,,,
07/03/2021,1304,10/07/2014,3970,,,,
04/03/2021,1297,03/07/2014,4080,,,,
03/03/2021,1315,26/06/2014,4250,,,,
02/03/2021,1323,19/06/2014,4440,,,,
01/03/2021,1328,12/06/2014,4626,,,,
28/02/2021,1320,05/06/2014,4588,,,,
25/02/2021,1338,29/05/2014,4550,,,,
24/02/2021,1280,22/05/2014,4516,,,,
23/02/2021,1192,15/05/2014,4505,,,,
22/02/2021,1225,08/05/2014,4361,,,,
21/02/2021,1290,01/05/2014,4413,,,,
18/02/2021,1205,24/04/2014,4648,,,,
17/02/2021,1223,17/04/2014,4764,,,,
16/02/2021,1263,10/04/2014,4817,,,,
15/02/2021,1265,03/04/2014,4724,,,,
14/02/2021,1248,27/03/2014,4783,,,,
11/02/2021,1271,20/03/2014,4483,,,,
10/02/2021,1317,13/03/2014,4543,,,,
09/02/2021,1325,06/03/2014,4410,,,,
08/02/2021,1230,27/02/2014,4407,,,,
07/02/2021,1219,20/02/2014,4305,,,,
04/02/2021,1200,13/02/2014,4378,,,,
03/02/2021,1248,06/02/2014,4300,,,,
02/02/2021,1302,30/01/2014,4406,,,,
01/02/2021,1299,23/01/2014,4602,,,,
31/01/2021,1331,16/01/2014,4666,,,,
28/01/2021,1368,09/01/2014,4619,,,,
27/01/2021,1414,02/01/2014,4723,,,,
26/01/2021,1446,26/12/2013,4725,,,,
25/01/2021,1500,19/12/2013,4750,,,,
24/01/2021,1447,12/12/2013,4650,,,,
21/01/2021,1485,05/12/2013,4750,,,,
20/01/2021,1575,28/11/2013,4770,,,,
19/01/2021,1621,21/11/2013,4865,,,,
18/01/2021,1693,14/11/2013,4550,,,,
17/01/2021,1687,07/11/2013,4222,,,,
14/01/2021,1697,31/10/2013,4124,,,,
13/01/2021,1700,24/10/2013,4140,,,,
12/01/2021,1585,17/10/2013,4180,,,,
11/01/2021,1560,10/10/2013,4244,,,,
10/01/2021,1540,03/10/2013,4000,,,,
07/01/2021,1509,24/09/2013,3888,,,,
06/01/2021,1529,17/09/2013,3883,,,,
05/01/2021,1559,12/09/2013,3912,,,,
04/01/2021,1633,03/09/2013,3994,,,,
03/01/2021,1625,29/08/2013,3971,,,,
31/12/2020,1584,22/08/2013,4193,,,,
30/12/2020,1570,15/08/2013,4005,,,,
29/12/2020,1560,08/08/2013,3919,,,,
28/12/2020,1600,01/08/2013,4062,,,,
27/12/2020,1639,25/07/2013,3925,,,,
24/12/2020,1563,18/07/2013,3722,,,,
23/12/2020,1585,11/07/2013,3499,,,,
22/12/2020,1637,04/07/2013,3330,,,,
21/12/2020,1628,27/06/2013,3375,,,,
20/12/2020,1607,20/06/2013,3306,,,,
17/12/2020,1649,13/06/2013,3355,,,,
16/12/2020,1606,06/06/2013,3240,,,,
15/12/2020,1649,30/05/2013,3220,,,,
14/12/2020,1604,23/05/2013,3240,,,,
13/12/2020,1593,16/05/2013,3154,,,,
10/12/2020,1572,09/05/2013,3429,,,,
09/12/2020,1635,02/05/2013,3495,,,,
08/12/2020,1625,25/04/2013,3316,,,,
07/12/2020,1505,18/04/2013,3307,,,,
06/12/2020,1534,11/04/2013,3436,,,,
03/12/2020,1475,04/04/2013,3011,,,,
02/12/2020,1501,28/03/2013,3046,,,,
01/12/2020,1550,21/03/2013,3109,,,,
30/11/2020,1503,14/03/2013,2894,,,,
29/11/2020,1515,07/03/2013,2809,,,,
26/11/2020,1578,28/02/2013,2715,,,,
25/11/2020,1583,21/02/2013,2757,,,,
24/11/2020,1625,14/02/2013,2821,,,,
23/11/2020,1701,07/02/2013,2828,,,,
22/11/2020,1640,31/01/2013,2772,,,,
19/11/2020,1595,24/01/2013,2920,,,,
18/11/2020,1641,17/01/2013,3083,,,,
17/11/2020,1598,10/01/2013,3048,,,,
16/11/2020,1546,03/01/2013,3162,,,,
15/11/2020,1363,27/12/2012,3112,,,,
12/11/2020,1356,20/12/2012,3465,,,,
11/11/2020,1343,13/12/2012,3535,,,,
10/11/2020,1303,06/12/2012,3530,,,,
09/11/2020,1351,29/11/2012,3789,,,,
08/11/2020,1318,22/11/2012,3730,,,,
05/11/2020,1300,15/11/2012,3500,,,,
04/11/2020,1282,08/11/2012,3363,,,,
03/11/2020,1320,01/11/2012,3475,,,,
02/11/2020,1305,25/10/2012,3499,,,,
01/11/2020,1281,18/10/2012,3663,,,,
29/10/2020,1323,11/10/2012,3412,,,,
28/10/2020,1312,04/10/2012,3319,,,,
27/10/2020,1369,27/09/2012,3365,,,,
26/10/2020,1380,20/09/2012,3250,,,,
25/10/2020,1397,13/09/2012,3090,,,,
22/10/2020,1392,06/09/2012,2880,,,,
21/10/2020,1410,30/08/2012,2815,,,,
20/10/2020,1423,23/08/2012,2670,,,,
19/10/2020,1398,16/08/2012,3000,,,,
18/10/2020,1390,09/08/2012,2492,,,,
15/10/2020,1353,02/08/2012,2438,,,,
14/10/2020,1337,26/07/2012,2159,,,,
13/10/2020,1330,19/07/2012,2264,,,,
12/10/2020,1326,12/07/2012,2537,,,,
11/10/2020,1321,05/07/2012,2449,,,,
08/10/2020,1321,28/06/2012,2370,,,,
07/10/2020,1310,21/06/2012,2689,,,,
06/10/2020,1333,14/06/2012,2690,,,,
05/10/2020,1351,07/06/2012,2775,,,,
04/10/2020,1355,31/05/2012,2750,,,,
01/10/2020,1360,24/05/2012,2880,,,,
30/09/2020,1400,17/05/2012,3250,,,,
29/09/2020,1297,10/05/2012,4426,,,,
24/09/2020,1297,03/05/2012,4511,,,,
23/09/2020,1317,24/04/2012,4568,,,,
22/09/2020,1336,19/04/2012,4510,,,,
21/09/2020,1322,11/04/2012,4306,,,,
17/09/2020,1310,05/04/2012,4602,,,,
16/09/2020,1254,29/03/2012,4698,,,,
15/09/2020,1220,22/03/2012,4855,,,,
14/09/2020,1177,15/03/2012,4735,,,,
13/09/2020,1155,07/03/2012,4804,,,,
10/09/2020,1143,01/03/2012,5048,,,,
09/09/2020,1192,23/02/2012,5270,,,,
08/09/2020,1195,16/02/2012,5375,,,,
07/09/2020,1222,07/02/2012,5619,,,,
06/09/2020,1137,02/02/2012,5500,,,,
03/09/2020,1090,26/01/2012,5650,,,,
02/09/2020,1159,19/01/2012,5970,,,,
01/09/2020,1200,12/01/2012,6100,,,,
31/08/2020,1225,05/01/2012,6360,,,,
30/08/2020,1251,29/12/2011,6373,,,,
27/08/2020,1272,,,,,,
26/08/2020,1272,,,,,,
25/08/2020,1260,,,,,,
24/08/2020,1248,,,,,,
23/08/2020,1270,,,,,,
20/08/2020,1227,,,,,,
19/08/2020,1277,,,,,,
18/08/2020,1286,,,,,,
17/08/2020,1293,,,,,,
16/08/2020,1305,,,,,,
13/08/2020,1336,,,,,,
12/08/2020,1368,,,,,,
11/08/2020,1317,,,,,,
10/08/2020,1245,,,,,,
09/08/2020,1228,,,,,,
06/08/2020,1242,,,,,,
05/08/2020,1277,,,,,,
04/08/2020,1266,,,,,,
03/08/2020,1284,,,,,,
02/08/2020,1292,,,,,,
29/07/2020,1320,,,,,,
28/07/2020,1349,,,,,,
27/07/2020,1340,,,,,,
26/07/2020,1339,,,,,,
23/07/2020,1321,,,,,,
22/07/2020,1320,,,,,,
21/07/2020,1370,,,,,,
20/07/2020,1425,,,,,,
19/07/2020,1437,,,,,,
16/07/2020,1415,,,,,,
15/07/2020,1356,,,,,,
14/07/2020,1328,,,,,,
13/07/2020,1332,,,,,,
12/07/2020,1313,,,,,,
09/07/2020,1317,,,,,,
08/07/2020,1310,,,,,,
07/07/2020,1348,,,,,,
06/07/2020,1364,,,,,,
05/07/2020,1336,,,,,,
02/07/2020,1392,,,,,,
01/07/2020,1327,,,,,,
30/06/2020,1360,,,,,,
29/06/2020,1296,,,,,,
28/06/2020,1290,,,,,,
25/06/2020,1360,,,,,,
24/06/2020,1345,,,,,,
23/06/2020,1368,,,,,,
22/06/2020,1292,,,,,,
21/06/2020,1289,,,,,,
18/06/2020,1320,,,,,,
17/06/2020,1315,,,,,,
16/06/2020,1337,,,,,,
15/06/2020,1301,,,,,,
14/06/2020,1316,,,,,,
11/06/2020,1252,,,,,,
10/06/2020,1300,,,,,,
09/06/2020,1270,,,,,,
08/06/2020,1194,,,,,,
04/06/2020,1124,,,,,,
03/06/2020,1110,,,,,,
02/06/2020,1096,,,,,,
01/06/2020,1122,,,,,,
31/05/2020,1056,,,,,,
27/05/2020,1098,,,,,,
26/05/2020,1088,,,,,,
25/05/2020,1119,,,,,,
24/05/2020,1141,,,,,,
21/05/2020,1137,,,,,,
20/05/2020,1183,,,,,,
19/05/2020,1196,,,,,,
18/05/2020,1209,,,,,,
17/05/2020,1192,,,,,,
14/05/2020,1190,,,,,,
13/05/2020,1196,,,,,,
12/05/2020,1210,,,,,,
11/05/2020,1235,,,,,,
10/05/2020,1270,,,,,,
07/05/2020,1217,,,,,,
06/05/2020,1210,,,,,,
05/05/2020,1292,,,,,,
04/05/2020,1304,,,,,,
03/05/2020,1305,,,,,,
30/04/2020,1288,,,,,,
27/04/2020,1263,,,,,,
26/04/2020,1276,,,,,,
23/04/2020,1198,,,,,,
22/04/2020,1141,,,,,,
21/04/2020,1168,,,,,,
20/04/2020,1247,,,,,,
19/04/2020,1253,,,,,,
16/04/2020,1171,,,,,,
13/04/2020,1236,,,,,,
12/04/2020,1262,,,,,,
07/04/2020,1310,,,,,,
06/04/2020,1258,,,,,,
05/04/2020,1150,,,,,,
02/04/2020,1063,,,,,,
01/04/2020,1013,,,,,,
31/03/2020,1040,,,,,,
30/03/2020,980.1,,,,,,
29/03/2020,952.1,,,,,,
26/03/2020,932.2,,,,,,
25/03/2020,890.1,,,,,,
24/03/2020,860,,,,,,
23/03/2020,820.7,,,,,,
22/03/2020,824.9,,,,,,
19/03/2020,901,,,,,,
18/03/2020,828.9,,,,,,
17/03/2020,801,,,,,,
16/03/2020,808.5,,,,,,
15/03/2020,833,,,,,,
12/03/2020,791,,,,,,
11/03/2020,883.1,,,,,,
09/03/2020,932.7,,,,,,
08/03/2020,1000,,,,,,
05/03/2020,1086,,,,,,
04/03/2020,1155,,,,,,
03/03/2020,1229,,,,,,
01/03/2020,1212,,,,,,
27/02/2020,1273,,,,,,
26/02/2020,1321,,,,,,
25/02/2020,1321,,,,,,
24/02/2020,1321,,,,,,
23/02/2020,1376,,,,,,
20/02/2020,1413,,,,,,
19/02/2020,1413,,,,,,
18/02/2020,1481,,,,,,
17/02/2020,1462,,,,,,
16/02/2020,1428,,,,,,
13/02/2020,1420,,,,,,
12/02/2020,1408,,,,,,
11/02/2020,1405,,,,,,
10/02/2020,1438,,,,,,
09/02/2020,1381,,,,,,
06/02/2020,1372,,,,,,
05/02/2020,1340,,,,,,
04/02/2020,1303,,,,,,
03/02/2020,1254,,,,,,
02/02/2020,1220,,,,,,
30/01/2020,1255,,,,,,
29/01/2020,1289,,,,,,
28/01/2020,1232,,,,,,
27/01/2020,1160,,,,,,
26/01/2020,1148,,,,,,
23/01/2020,1165,,,,,,
22/01/2020,1143,,,,,,
21/01/2020,1094,,,,,,
20/01/2020,1092,,,,,,
19/01/2020,1081,,,,,,
16/01/2020,1100,,,,,,
15/01/2020,1095,,,,,,
14/01/2020,1085,,,,,,
13/01/2020,1031,,,,,,
12/01/2020,990,,,,,,
09/01/2020,996.8,,,,,,
08/01/2020,1020,,,,,,
07/01/2020,1026,,,,,,
06/01/2020,1019,,,,,,
05/01/2020,1055,,,,,,
02/01/2020,1050,,,,,,
01/01/2020,1079,,,,,,
31/12/2019,1099,,,,,,
30/12/2019,1065,,,,,,
29/12/2019,1049,,,,,,
26/12/2019,1038,,,,,,
25/12/2019,1021,,,,,,
24/12/2019,1000,,,,,,
23/12/2019,999,,,,,,
22/12/2019,997.9,,,,,,
19/12/2019,952,,,,,,
18/12/2019,980,,,,,,
17/12/2019,1046,,,,,,
16/12/2019,1050,,,,,,
15/12/2019,1043,,,,,,
12/12/2019,1051,,,,,,
11/12/2019,1080,,,,,,
10/12/2019,1080,,,,,,
09/12/2019,1023,,,,,,
08/12/2019,1060,,,,,,
05/12/2019,954.4,,,,,,
04/12/2019,964,,,,,,
03/12/2019,899,,,,,,
02/12/2019,919.6,,,,,,
01/12/2019,959.8,,,,,,
28/11/2019,988.5,,,,,,
27/11/2019,964,,,,,,
26/11/2019,958.7,,,,,,
25/11/2019,988.3,,,,,,
24/11/2019,980.2,,,,,,
21/11/2019,998.8,,,,,,
20/11/2019,999.9,,,,,,
19/11/2019,1025,,,,,,
18/11/2019,1060,,,,,,
17/11/2019,875.4,,,,,,
14/11/2019,864.3,,,,,,
13/11/2019,836,,,,,,
12/11/2019,834,,,,,,
11/11/2019,825.9,,,,,,
10/11/2019,810.8,,,,,,
07/11/2019,809.8,,,,,,
06/11/2019,813.9,,,,,,
05/11/2019,843.7,,,,,,
04/11/2019,870.6,,,,,,
03/11/2019,885,,,,,,
31/10/2019,900,,,,,,
30/10/2019,907,,,,,,
29/10/2019,904.2,,,,,,
28/10/2019,906.7,,,,,,
27/10/2019,887.9,,,,,,
24/10/2019,891.3,,,,,,
23/10/2019,898.9,,,,,,
22/10/2019,909.9,,,,,,
17/10/2019,941.2,,,,,,
16/10/2019,911,,,,,,
15/10/2019,928.6,,,,,,
10/10/2019,923,,,,,,
07/10/2019,938.4,,,,,,
06/10/2019,955,,,,,,
03/10/2019,936,,,,,,
02/10/2019,960,,,,,,
26/09/2019,977.5,,,,,,
25/09/2019,939,,,,,,
24/09/2019,875.1,,,,,,
23/09/2019,765.7,,,,,,
22/09/2019,718.8,,,,,,
19/09/2019,749.9,,,,,,
18/09/2019,748.1,,,,,,
16/09/2019,752.9,,,,,,
15/09/2019,738,,,,,,
12/09/2019,746.7,,,,,,
11/09/2019,726,,,,,,
10/09/2019,751.2,,,,,,
09/09/2019,761.7,,,,,,
08/09/2019,783.2,,,,,,
05/09/2019,783,,,,,,
04/09/2019,809,,,,,,
03/09/2019,775.1,,,,,,
02/09/2019,828.9,,,,,,
01/09/2019,830.8,,,,,,
29/08/2019,819.9,,,,,,
28/08/2019,805.6,,,,,,
27/08/2019,802,,,,,,
26/08/2019,804.4,,,,,,
25/08/2019,810.9,,,,,,
22/08/2019,837.9,,,,,,
21/08/2019,864.7,,,,,,
20/08/2019,862.6,,,,,,
19/08/2019,844,,,,,,
18/08/2019,844.5,,,,,,
15/08/2019,826.3,,,,,,
14/08/2019,848,,,,,,
13/08/2019,884.1,,,,,,
12/08/2019,908.5,,,,,,
08/08/2019,902,,,,,,
07/08/2019,836.9,,,,,,
06/08/2019,927.8,,,,,,
05/08/2019,929,,,,,,
04/08/2019,974.1,,,,,,
01/08/2019,999,,,,,,
31/07/2019,1008,,,,,,
30/07/2019,1009,,,,,,
29/07/2019,1047,,,,,,
28/07/2019,1049,,,,,,
25/07/2019,1041,,,,,,
24/07/2019,1050,,,,,,
23/07/2019,1038,,,,,,
22/07/2019,1121,,,,,,
21/07/2019,1144,,,,,,
18/07/2019,1143,,,,,,
17/07/2019,1149,,,,,,
16/07/2019,1140,,,,,,
15/07/2019,1066,,,,,,
14/07/2019,1050,,,,,,
11/07/2019,1060,,,,,,
10/07/2019,1041,,,,,,
09/07/2019,970.5,,,,,,
08/07/2019,975.2,,,,,,
07/07/2019,994.1,,,,,,
04/07/2019,992,,,,,,
03/07/2019,992.3,,,,,,
02/07/2019,1012,,,,,,
01/07/2019,1029,,,,,,
30/06/2019,1027,,,,,,
27/06/2019,1022,,,,,,
26/06/2019,1058,,,,,,
25/06/2019,1058,,,,,,
24/06/2019,1069,,,,,,
23/06/2019,1066,,,,,,
20/06/2019,1071,,,,,,
19/06/2019,1078,,,,,,
18/06/2019,1051,,,,,,
17/06/2019,1126,,,,,,
16/06/2019,1127,,,,,,
13/06/2019,1150,,,,,,
12/06/2019,1142,,,,,,
11/06/2019,1149,,,,,,
10/06/2019,1158,,,,,,
06/06/2019,1163,,,,,,
05/06/2019,1202,,,,,,
04/06/2019,1229,,,,,,
03/06/2019,1272,,,,,,
02/06/2019,1325,,,,,,
30/05/2019,1370,,,,,,
29/05/2019,1419,,,,,,
28/05/2019,1558,,,,,,
27/05/2019,1661,,,,,,
26/05/2019,1653,,,,,,
23/05/2019,1565,,,,,,
22/05/2019,1600,,,,,,
21/05/2019,1571,,,,,,
20/05/2019,1538,,,,,,
19/05/2019,1581,,,,,,
16/05/2019,1636,,,,,,
15/05/2019,1630,,,,,,
14/05/2019,1626,,,,,,
13/05/2019,1597,,,,,,
12/05/2019,1630,,,,,,
07/05/2019,1559,,,,,,
06/05/2019,1515,,,,,,
05/05/2019,1500,,,,,,
02/05/2019,1469,,,,,,
01/05/2019,1489,,,,,,
30/04/2019,1505,,,,,,
29/04/2019,1575,,,,,,
28/04/2019,1656,,,,,,
24/04/2019,1645,,,,,,
23/04/2019,1640,,,,,,
22/04/2019,1622,,,,,,
21/04/2019,1625,,,,,,
18/04/2019,1559,,,,,,
17/04/2019,1531,,,,,,
16/04/2019,1554,,,,,,
15/04/2019,1513,,,,,,
14/04/2019,1442,,,,,,
11/04/2019,1394,,,,,,
10/04/2019,1315,,,,,,
08/04/2019,1309,,,,,,
07/04/2019,1300,,,,,,
04/04/2019,1345,,,,,,
03/04/2019,1408,,,,,,
02/04/2019,1401,,,,,,
01/04/2019,1494,,,,,,
31/03/2019,1324,,,,,,
28/03/2019,1314,,,,,,
27/03/2019,1315,,,,,,
26/03/2019,1310,,,,,,
25/03/2019,1318,,,,,,
24/03/2019,1331,,,,,,
20/03/2019,1357,,,,,,
19/03/2019,1486,,,,,,
18/03/2019,1545,,,,,,
17/03/2019,1623,,,,,,
14/03/2019,1615,,,,,,
13/03/2019,1625,,,,,,
12/03/2019,1555,,,,,,
11/03/2019,1571,,,,,,
10/03/2019,1554,,,,,,
07/03/2019,1584,,,,,,
06/03/2019,1631,,,,,,
05/03/2019,1600,,,,,,
04/03/2019,1639,,,,,,
03/03/2019,1620,,,,,,
28/02/2019,1594,,,,,,
27/02/2019,1620,,,,,,
26/02/2019,1645,,,,,,
25/02/2019,1690,,,,,,
24/02/2019,1709,,,,,,
21/02/2019,1679,,,,,,
20/02/2019,1740,,,,,,
19/02/2019,1749,,,,,,
18/02/2019,1850,,,,,,
17/02/2019,1880,,,,,,
14/02/2019,1883,,,,,,
13/02/2019,1889,,,,,,
12/02/2019,1878,,,,,,
11/02/2019,1900,,,,,,
10/02/2019,1953,,,,,,
07/02/2019,1971,,,,,,
06/02/2019,2008,,,,,,
05/02/2019,1995,,,,,,
04/02/2019,1965,,,,,,
03/02/2019,1940,,,,,,
31/01/2019,1917,,,,,,
30/01/2019,1850,,,,,,
29/01/2019,1844,,,,,,
28/01/2019,1823,,,,,,
27/01/2019,1865,,,,,,
24/01/2019,1847,,,,,,
23/01/2019,1830,,,,,,
22/01/2019,1840,,,,,,
21/01/2019,1902,,,,,,
20/01/2019,1934,,,,,,
17/01/2019,1930,,,,,,
16/01/2019,1977,,,,,,
15/01/2019,2031,,,,,,
14/01/2019,2005,,,,,,
13/01/2019,2021,,,,,,
10/01/2019,2046,,,,,,
09/01/2019,2088,,,,,,
08/01/2019,2090,,,,,,
07/01/2019,2052,,,,,,
06/01/2019,2080,,,,,,
03/01/2019,2080,,,,,,
02/01/2019,2141,,,,,,
01/01/2019,2221,,,,,,
31/12/2018,2210,,,,,,
30/12/2018,2222,,,,,,
27/12/2018,2233,,,,,,
26/12/2018,2286,,,,,,
25/12/2018,2294,,,,,,
24/12/2018,2250,,,,,,
23/12/2018,2283,,,,,,
20/12/2018,2382,,,,,,
19/12/2018,2450,,,,,,
18/12/2018,2460,,,,,,
17/12/2018,2546,,,,,,
16/12/2018,2569,,,,,,
13/12/2018,2600,,,,,,
12/12/2018,2605,,,,,,
11/12/2018,2660,,,,,,
10/12/2018,2620,,,,,,
09/12/2018,2630,,,,,,
06/12/2018,2610,,,,,,
05/12/2018,2668,,,,,,
04/12/2018,2660,,,,,,
03/12/2018,2692,,,,,,
02/12/2018,2695,,,,,,
29/11/2018,2666,,,,,,
28/11/2018,2670,,,,,,
27/11/2018,2647,,,,,,
26/11/2018,2648,,,,,,
25/11/2018,2589,,,,,,
22/11/2018,2590,,,,,,
21/11/2018,2550,,,,,,
20/11/2018,2422,,,,,,
19/11/2018,2478,,,,,,
18/11/2018,2420,,,,,,
15/11/2018,2372,,,,,,
14/11/2018,2405,,,,,,
13/11/2018,2454,,,,,,
12/11/2018,2480,,,,,,
11/11/2018,2471,,,,,,
08/11/2018,2530,,,,,,
07/11/2018,2535,,,,,,
06/11/2018,2459,,,,,,
05/11/2018,2391,,,,,,
04/11/2018,2391,,,,,,
01/11/2018,2380,,,,,,
31/10/2018,2350,,,,,,
29/10/2018,2276,,,,,,
28/10/2018,2230,,,,,,
25/10/2018,2125,,,,,,
24/10/2018,2162,,,,,,
23/10/2018,2201,,,,,,
22/10/2018,2273,,,,,,
21/10/2018,2284,,,,,,
18/10/2018,2310,,,,,,
17/10/2018,2335,,,,,,
16/10/2018,2338,,,,,,
15/10/2018,2325,,,,,,
14/10/2018,2387,,,,,,
11/10/2018,2365,,,,,,
10/10/2018,2435,,,,,,
09/10/2018,2485,,,,,,
08/10/2018,2461,,,,,,
07/10/2018,2499,,,,,,
04/10/2018,2495,,,,,,
03/10/2018,2535,,,,,,
02/10/2018,2503,,,,,,
27/09/2018,2490,,,,,,
26/09/2018,2475,,,,,,
25/09/2018,2447,,,,,,
20/09/2018,2460,,,,,,
17/09/2018,2405,,,,,,
16/09/2018,2371,,,,,,
13/09/2018,2187,,,,,,
12/09/2018,2130,,,,,,
06/09/2018,2136,,,,,,
05/09/2018,2080,,,,,,
04/09/2018,2120,,,,,,
03/09/2018,2160,,,,,,
02/09/2018,2117,,,,,,
30/08/2018,2120,,,,,,
29/08/2018,2167,,,,,,
28/08/2018,2217,,,,,,
27/08/2018,2269,,,,,,
26/08/2018,2275,,,,,,
23/08/2018,2268,,,,,,
22/08/2018,2259,,,,,,
21/08/2018,2239,,,,,,
20/08/2018,2189,,,,,,
19/08/2018,2120,,,,,,
16/08/2018,2090,,,,,,
15/08/2018,2116,,,,,,
14/08/2018,2087,,,,,,
13/08/2018,2109,,,,,,
12/08/2018,2140,,,,,,
09/08/2018,2156,,,,,,
08/08/2018,2187,,,,,,
07/08/2018,2056,,,,,,
06/08/2018,2070,,,,,,
05/08/2018,2114,,,,,,
02/08/2018,2107,,,,,,
01/08/2018,2060,,,,,,
31/07/2018,2094,,,,,,
30/07/2018,2064,,,,,,
29/07/2018,2034,,,,,,
26/07/2018,2068,,,,,,
25/07/2018,2059,,,,,,
24/07/2018,2102,,,,,,
23/07/2018,2104,,,,,,
19/07/2018,2070,,,,,,
18/07/2018,2075,,,,,,
17/07/2018,2100,,,,,,
16/07/2018,2067,,,,,,
15/07/2018,2072,,,,,,
12/07/2018,2029,,,,,,
11/07/2018,2005,,,,,,
10/07/2018,2005,,,,,,
09/07/2018,2016,,,,,,
08/07/2018,2040,,,,,,
05/07/2018,2021,,,,,,
04/07/2018,2021,,,,,,
03/07/2018,2010,,,,,,
02/07/2018,2023,,,,,,
01/07/2018,2056,,,,,,
28/06/2018,2077,,,,,,
27/06/2018,2111,,,,,,
26/06/2018,2102,,,,,,
25/06/2018,2112,,,,,,
24/06/2018,2089,,,,,,
21/06/2018,2025,,,,,,
20/06/2018,2115,,,,,,
19/06/2018,2169,,,,,,
18/06/2018,2159,,,,,,
17/06/2018,2245,,,,,,
14/06/2018,2279,,,,,,
13/06/2018,2324,,,,,,
12/06/2018,2332,,,,,,
11/06/2018,2392,,,,,,
10/06/2018,2363,,,,,,
07/06/2018,2425,,,,,,
06/06/2018,2460,,,,,,
05/06/2018,2446,,,,,,
04/06/2018,2477,,,,,,
03/06/2018,2471,,,,,,
31/05/2018,2500,,,,,,
30/05/2018,2415,,,,,,
29/05/2018,2525,,,,,,
28/05/2018,2538,,,,,,
27/05/2018,2529,,,,,,
24/05/2018,2485,,,,,,
23/05/2018,2427,,,,,,
22/05/2018,2503,,,,,,
21/05/2018,2484,,,,,,
17/05/2018,2443,,,,,,
16/05/2018,2377,,,,,,
15/05/2018,2457,,,,,,
14/05/2018,2506,,,,,,
13/05/2018,2584,,,,,,
10/05/2018,2625,,,,,,
09/05/2018,2480,,,,,,
08/05/2018,2495,,,,,,
07/05/2018,2578,,,,,,
06/05/2018,2597,,,,,,
03/05/2018,2559,,,,,,
02/05/2018,2510,,,,,,
01/05/2018,2350,,,,,,
30/04/2018,2465,,,,,,
29/04/2018,2592,,,,,,
26/04/2018,2609,,,,,,
25/04/2018,2595,,,,,,
24/04/2018,2671,,,,,,
23/04/2018,2659,,,,,,
22/04/2018,2704,,,,,,
17/04/2018,2686,,,,,,
16/04/2018,2643,,,,,,
15/04/2018,2608,,,,,,
12/04/2018,2503,,,,,,
11/04/2018,2477,,,,,,
10/04/2018,2570,,,,,,
09/04/2018,2455,,,,,,
08/04/2018,2409,,,,,,
04/04/2018,2312,,,,,,
03/04/2018,2420,,,,,,
02/04/2018,2469,,,,,,
01/04/2018,2496,,,,,,
29/03/2018,2478,,,,,,
28/03/2018,2586,,,,,,
27/03/2018,2523,,,,,,
26/03/2018,2454,,,,,,
25/03/2018,2489,,,,,,
22/03/2018,2562,,,,,,
21/03/2018,2670,,,,,,
20/03/2018,2674,,,,,,
19/03/2018,2601,,,,,,
18/03/2018,2667,,,,,,
15/03/2018,2567,,,,,,
14/03/2018,2620,,,,,,
13/03/2018,2651,,,,,,
12/03/2018,2647,,,,,,
11/03/2018,2726,,,,,,
08/03/2018,2735,,,,,,
07/03/2018,2751,,,,,,
06/03/2018,2831,,,,,,
05/03/2018,2844,,,,,,
04/03/2018,2859,,,,,,
28/02/2018,2892,,,,,,
27/02/2018,2813,,,,,,
26/02/2018,2844,,,,,,
25/02/2018,2891,,,,,,
22/02/2018,2910,,,,,,
21/02/2018,2962,,,,,,
20/02/2018,2970,,,,,,
19/02/2018,2948,,,,,,
18/02/2018,2904,,,,,,
15/02/2018,2870,,,,,,
14/02/2018,2902,,,,,,
13/02/2018,2937,,,,,,
12/02/2018,2937,,,,,,
11/02/2018,2858,,,,,,
08/02/2018,2924,,,,,,
07/02/2018,2963,,,,,,
06/02/2018,2962,,,,,,
05/02/2018,3018,,,,,,
04/02/2018,3065,,,,,,
01/02/2018,3125,,,,,,
31/01/2018,3194,,,,,,
30/01/2018,3191,,,,,,
29/01/2018,3180,,,,,,
28/01/2018,3340,,,,,,
25/01/2018,3325,,,,,,
24/01/2018,3247,,,,,,
23/01/2018,3346,,,,,,
22/01/2018,3374,,,,,,
21/01/2018,3416,,,,,,
18/01/2018,3380,,,,,,
17/01/2018,3339,,,,,,
16/01/2018,3302,,,,,,
15/01/2018,3417,,,,,,
14/01/2018,3505,,,,,,
11/01/2018,3523,,,,,,
10/01/2018,3532,,,,,,
09/01/2018,3615,,,,,,
08/01/2018,3631,,,,,,
07/01/2018,3663,,,,,,
04/01/2018,3603,,,,,,
03/01/2018,3567,,,,,,
02/01/2018,3580,,,,,,
01/01/2018,3574,,,,,,
31/12/2017,3580,,,,,,
28/12/2017,3589,,,,,,
27/12/2017,3632,,,,,,
26/12/2017,3657,,,,,,
25/12/2017,3742,,,,,,
24/12/2017,3730,,,,,,
21/12/2017,3575,,,,,,
20/12/2017,3522,,,,,,
19/12/2017,3448,,,,,,
18/12/2017,3479,,,,,,
17/12/2017,3416,,,,,,
14/12/2017,3420,,,,,,
13/12/2017,3497,,,,,,
12/12/2017,3478,,,,,,
11/12/2017,3532,,,,,,
10/12/2017,3532,,,,,,
07/12/2017,3530,,,,,,
06/12/2017,3513,,,,,,
05/12/2017,3528,,,,,,
04/12/2017,3507,,,,,,
03/12/2017,3499,,,,,,
30/11/2017,3470,,,,,,
29/11/2017,3496,,,,,,
28/11/2017,3485,,,,,,
27/11/2017,3453,,,,,,
26/11/2017,3453,,,,,,
23/11/2017,3523,,,,,,
22/11/2017,3566,,,,,,
21/11/2017,3590,,,,,,
20/11/2017,3320,,,,,,
19/11/2017,3288,,,,,,
16/11/2017,3300,,,,,,
15/11/2017,3344,,,,,,
14/11/2017,3361,,,,,,
13/11/2017,3361,,,,,,
12/11/2017,3360,,,,,,
09/11/2017,3320,,,,,,
08/11/2017,3340,,,,,,
07/11/2017,3373,,,,,,
06/11/2017,3349,,,,,,
05/11/2017,3340,,,,,,
02/11/2017,3350,,,,,,
01/11/2017,3351,,,,,,
31/10/2017,3403,,,,,,
30/10/2017,3401,,,,,,
29/10/2017,3419,,,,,,
26/10/2017,3393,,,,,,
25/10/2017,3317,,,,,,
24/10/2017,3319,,,,,,
23/10/2017,3352,,,,,,
22/10/2017,3395,,,,,,
19/10/2017,3376,,,,,,
18/10/2017,3408,,,,,,
17/10/2017,3458,,,,,,
16/10/2017,3410,,,,,,
15/10/2017,3400,,,,,,
10/10/2017,3348,,,,,,
09/10/2017,3324,,,,,,
08/10/2017,3362,,,,,,
03/10/2017,3357,,,,,,
02/10/2017,3393,,,,,,
01/10/2017,3367,,,,,,
28/09/2017,3289,,,,,,
27/09/2017,3250,,,,,,
26/09/2017,3264,,,,,,
25/09/2017,3273,,,,,,
24/09/2017,3337,,,,,,
19/09/2017,3336,,,,,,
18/09/2017,3379,,,,,,
17/09/2017,3313,,,,,,
14/09/2017,3305,,,,,,
13/09/2017,3296,,,,,,
12/09/2017,3304,,,,,,
11/09/2017,3398,,,,,,
10/09/2017,3411,,,,,,
07/09/2017,3389,,,,,,
06/09/2017,3327,,,,,,
05/09/2017,3283,,,,,,
04/09/2017,3210,,,,,,
03/09/2017,3121,,,,,,
31/08/2017,3183,,,,,,
30/08/2017,3100,,,,,,
29/08/2017,3037,,,,,,
28/08/2017,3058,,,,,,
27/08/2017,3046,,,,,,
24/08/2017,3044,,,,,,
23/08/2017,3096,,,,,,
22/08/2017,3123,,,,,,
21/08/2017,3032,,,,,,
20/08/2017,3037,,,,,,
17/08/2017,3072,,,,,,
16/08/2017,3148,,,,,,
15/08/2017,3186,,,,,,
14/08/2017,3209,,,,,,
13/08/2017,3209,,,,,,
10/08/2017,3198,,,,,,
09/08/2017,3328,,,,,,
08/08/2017,3357,,,,,,
07/08/2017,3391,,,,,,
06/08/2017,3465,,,,,,
03/08/2017,3333,,,,,,
02/08/2017,3299,,,,,,
31/07/2017,3318,,,,,,
30/07/2017,3339,,,,,,
27/07/2017,3323,,,,,,
26/07/2017,3275,,,,,,
25/07/2017,3380,,,,,,
24/07/2017,3338,,,,,,
23/07/2017,3383,,,,,,
20/07/2017,3405,,,,,,
19/07/2017,3437,,,,,,
18/07/2017,3509,,,,,,
17/07/2017,3496,,,,,,
16/07/2017,3483,,,,,,
13/07/2017,3454,,,,,,
12/07/2017,3311,,,,,,
11/07/2017,3289,,,,,,
10/07/2017,3322,,,,,,
09/07/2017,3327,,,,,,
06/07/2017,3285,,,,,,
05/07/2017,3294,,,,,,
04/07/2017,3276,,,,,,
03/07/2017,3270,,,,,,
02/07/2017,3290,,,,,,
29/06/2017,3361,,,,,,
28/06/2017,3281,,,,,,
27/06/2017,3231,,,,,,
26/06/2017,3283,,,,,,
25/06/2017,3306,,,,,,
22/06/2017,3286,,,,,,
21/06/2017,3281,,,,,,
20/06/2017,3284,,,,,,
19/06/2017,3357,,,,,,
18/06/2017,3310,,,,,,
15/06/2017,3262,,,,,,
14/06/2017,3310,,,,,,
13/06/2017,3356,,,,,,
12/06/2017,3363,,,,,,
11/06/2017,3460,,,,,,
08/06/2017,3460,,,,,,
07/06/2017,3516,,,,,,
06/06/2017,3495,,,,,,
05/06/2017,3521,,,,,,
04/06/2017,3521,,,,,,
01/06/2017,3503,,,,,,
29/05/2017,3445,,,,,,
28/05/2017,3445,,,,,,
25/05/2017,3503,,,,,,
24/05/2017,3587,,,,,,
23/05/2017,3728,,,,,,
22/05/2017,3720,,,,,,
21/05/2017,3717,,,,,,
18/05/2017,3599,,,,,,
17/05/2017,3669,,,,,,
16/05/2017,3743,,,,,,
15/05/2017,3786,,,,,,
14/05/2017,3817,,,,,,
11/05/2017,3803,,,,,,
10/05/2017,3766,,,,,,
09/05/2017,3808,,,,,,
08/05/2017,3700,,,,,,
07/05/2017,3615,,,,,,
04/05/2017,3571,,,,,,
03/05/2017,3602,,,,,,
30/04/2017,3527,,,,,,
27/04/2017,3580,,,,,,
26/04/2017,3641,,,,,,
25/04/2017,3664,,,,,,
24/04/2017,3661,,,,,,
23/04/2017,3613,,,,,,
20/04/2017,3656,,,,,,
19/04/2017,3700,,,,,,
18/04/2017,3581,,,,,,
13/04/2017,3610,,,,,,
12/04/2017,3591,,,,,,
09/04/2017,3755,,,,,,
06/04/2017,3800,,,,,,
05/04/2017,3799,,,,,,
04/04/2017,3825,,,,,,
03/04/2017,3814,,,,,,
02/04/2017,3850,,,,,,
30/03/2017,3755,,,,,,
29/03/2017,3768,,,,,,
28/03/2017,3715,,,,,,
27/03/2017,3700,,,,,,
26/03/2017,3743,,,,,,
23/03/2017,3749,,,,,,
22/03/2017,3723,,,,,,
21/03/2017,3725,,,,,,
20/03/2017,3880,,,,,,
19/03/2017,3784,,,,,,
16/03/2017,3799,,,,,,
15/03/2017,3821,,,,,,
14/03/2017,3929,,,,,,
13/03/2017,3849,,,,,,
09/03/2017,3930,,,,,,
08/03/2017,3951,,,,,,
07/03/2017,3995,,,,,,
06/03/2017,3960,,,,,,
05/03/2017,4109,,,,,,
02/03/2017,4095,,,,,,
01/03/2017,4080,,,,,,
28/02/2017,4015,,,,,,
27/02/2017,3971,,,,,,
26/02/2017,4006,,,,,,
23/02/2017,4008,,,,,,
22/02/2017,3981,,,,,,
21/02/2017,3970,,,,,,
20/02/2017,4023,,,,,,
19/02/2017,3918,,,,,,
16/02/2017,3894,,,,,,
15/02/2017,3821,,,,,,
14/02/2017,3850,,,,,,
13/02/2017,3903,,,,,,
12/02/2017,3950,,,,,,
09/02/2017,3845,,,,,,
08/02/2017,3768,,,,,,
07/02/2017,3767,,,,,,
06/02/2017,3733,,,,,,
05/02/2017,3714,,,,,,
02/02/2017,3755,,,,,,
01/02/2017,3879,,,,,,
31/01/2017,3966,,,,,,
30/01/2017,3925,,,,,,
29/01/2017,3891,,,,,,
26/01/2017,3934,,,,,,
25/01/2017,3850,,,,,,
24/01/2017,3752,,,,,,
23/01/2017,3599,,,,,,
22/01/2017,3601,,,,,,
19/01/2017,3630,,,,,,
18/01/2017,3666,,,,,,
17/01/2017,3618,,,,,,
16/01/2017,3648,,,,,,
15/01/2017,3739,,,,,,
12/01/2017,3790,,,,,,
11/01/2017,3700,,,,,,
10/01/2017,3818,,,,,,
09/01/2017,3738,,,,,,
08/01/2017,3775,,,,,,
05/01/2017,3794,,,,,,
04/01/2017,3777,,,,,,
03/01/2017,3465,,,,,,
02/01/2017,3405,,,,,,
01/01/2017,3136,,,,,,
29/12/2016,3100,,,,,,
28/12/2016,3106,,,,,,
27/12/2016,3080,,,,,,
26/12/2016,3057,,,,,,
25/12/2016,3038,,,,,,
22/12/2016,3083,,,,,,
21/12/2016,3110,,,,,,
20/12/2016,3053,,,,,,
19/12/2016,3044,,,,,,
18/12/2016,3075,,,,,,
15/12/2016,3183,,,,,,
14/12/2016,3240,,,,,,
13/12/2016,3265,,,,,,
12/12/2016,3263,,,,,,
11/12/2016,3264,,,,,,
08/12/2016,3244,,,,,,
07/12/2016,3238,,,,,,
06/12/2016,3260,,,,,,
05/12/2016,3234,,,,,,
04/12/2016,3135,,,,,,
01/12/2016,3092,,,,,,
30/11/2016,3126,,,,,,
29/11/2016,3079,,,,,,
28/11/2016,3070,,,,,,
27/11/2016,3036,,,,,,
24/11/2016,2992,,,,,,
23/11/2016,3011,,,,,,
22/11/2016,3012,,,,,,
21/11/2016,2976,,,,,,
20/11/2016,2933,,,,,,
17/11/2016,2838,,,,,,
16/11/2016,2840,,,,,,
15/11/2016,2759,,,,,,
14/11/2016,2731,,,,,,
13/11/2016,2790,,,,,,
10/11/2016,2775,,,,,,
09/11/2016,2801,,,,,,
08/11/2016,2826,,,,,,
07/11/2016,2859,,,,,,
06/11/2016,2812,,,,,,
03/11/2016,2780,,,,,,
02/11/2016,2814,,,,,,
01/11/2016,2838,,,,,,
31/10/2016,2897,,,,,,
30/10/2016,2898,,,,,,
27/10/2016,2845,,,,,,
26/10/2016,2906,,,,,,
25/10/2016,3003,,,,,,
20/10/2016,3019,,,,,,
19/10/2016,3035,,,,,,
18/10/2016,3031,,,,,,
13/10/2016,2957,,,,,,
10/10/2016,3005,,,,,,
09/10/2016,2962,,,,,,
06/10/2016,2928,,,,,,
05/10/2016,2864,,,,,,
29/09/2016,2800,,,,,,
28/09/2016,2842,,,,,,
27/09/2016,2836,,,,,,
26/09/2016,2764,,,,,,
25/09/2016,2837,,,,,,
22/09/2016,2918,,,,,,
21/09/2016,2948,,,,,,
20/09/2016,2840,,,,,,
19/09/2016,2854,,,,,,
18/09/2016,2830,,,,,,
15/09/2016,2812,,,,,,
14/09/2016,2881,,,,,,
13/09/2016,2898,,,,,,
12/09/2016,2920,,,,,,
11/09/2016,2861,,,,,,
08/09/2016,2899,,,,,,
07/09/2016,2926,,,,,,
06/09/2016,2891,,,,,,
05/09/2016,2847,,,,,,
04/09/2016,2859,,,,,,
01/09/2016,2744,,,,,,
31/08/2016,2837,,,,,,
30/08/2016,2836,,,,,,
29/08/2016,2808,,,,,,
28/08/2016,2832,,,,,,
25/08/2016,2863,,,,,,
24/08/2016,2919,,,,,,
23/08/2016,2933,,,,,,
22/08/2016,2944,,,,,,
21/08/2016,2975,,,,,,
18/08/2016,2905,,,,,,
17/08/2016,2847,,,,,,
16/08/2016,2855,,,,,,
15/08/2016,2861,,,,,,
11/08/2016,2861,,,,,,
10/08/2016,2820,,,,,,
09/08/2016,2657,,,,,,
08/08/2016,2642,,,,,,
07/08/2016,2640,,,,,,
04/08/2016,2667,,,,,,
03/08/2016,2668,,,,,,
02/08/2016,2651,,,,,,
01/08/2016,2714,,,,,,
31/07/2016,2775,,,,,,
28/07/2016,2740,,,,,,
27/07/2016,2733,,,,,,
26/07/2016,2742,,,,,,
25/07/2016,2769,,,,,,
24/07/2016,2616,,,,,,
21/07/2016,2624,,,,,,
20/07/2016,2662,,,,,,
19/07/2016,2678,,,,,,
18/07/2016,2663,,,,,,
17/07/2016,2729,,,,,,
14/07/2016,2776,,,,,,
13/07/2016,2800,,,,,,
12/07/2016,2802,,,,,,
11/07/2016,2532,,,,,,
10/07/2016,2512,,,,,,
07/07/2016,2512,,,,,,
06/07/2016,2504,,,,,,
05/07/2016,2538,,,,,,
04/07/2016,2543,,,,,,
03/07/2016,2549,,,,,,
30/06/2016,2570,,,,,,
29/06/2016,2452,,,,,,
28/06/2016,2367,,,,,,
27/06/2016,2240,,,,,,
26/06/2016,2339,,,,,,
23/06/2016,2415,,,,,,
22/06/2016,2415,,,,,,
21/06/2016,2465,,,,,,
20/06/2016,2502,,,,,,
19/06/2016,2529,,,,,,
16/06/2016,2500,,,,,,
15/06/2016,2611,,,,,,
14/06/2016,2670,,,,,,
13/06/2016,2680,,,,,,
09/06/2016,3039,,,,,,
08/06/2016,3105,,,,,,
07/06/2016,3225,,,,,,
06/06/2016,3200,,,,,,
05/06/2016,3229,,,,,,
02/06/2016,3249,,,,,,
01/06/2016,3220,,,,,,
31/05/2016,3206,,,,,,
30/05/2016,3235,,,,,,
29/05/2016,3171,,,,,,
26/05/2016,3197,,,,,,
25/05/2016,3202,,,,,,
24/05/2016,3094,,,,,,
23/05/2016,2965,,,,,,
22/05/2016,2889,,,,,,
19/05/2016,2940,,,,,,
18/05/2016,2986,,,,,,
17/05/2016,3019,,,,,,
16/05/2016,3010,,,,,,
15/05/2016,2920,,,,,,
10/05/2016,2822,,,,,,
09/05/2016,2802,,,,,,
08/05/2016,2825,,,,,,
05/05/2016,2904,,,,,,
04/05/2016,2945,,,,,,
03/05/2016,2940,,,,,,
02/05/2016,2923,,,,,,
01/05/2016,2850,,,,,,
27/04/2016,2822,,,,,,
26/04/2016,2840,,,,,,
25/04/2016,2820,,,,,,
24/04/2016,2890,,,,,,
21/04/2016,2869,,,,,,
20/04/2016,2942,,,,,,
19/04/2016,2922,,,,,,
18/04/2016,2842,,,,,,
17/04/2016,2846,,,,,,
14/04/2016,2789,,,,,,
13/04/2016,2770,,,,,,
12/04/2016,2710,,,,,,
11/04/2016,2780,,,,,,
10/04/2016,2897,,,,,,
07/04/2016,2800,,,,,,
06/04/2016,2762,,,,,,
05/04/2016,2630,,,,,,
04/04/2016,2680,,,,,,
03/04/2016,2676,,,,,,
31/03/2016,2678,,,,,,
30/03/2016,2705,,,,,,
29/03/2016,2732,,,,,,
28/03/2016,2616,,,,,,
27/03/2016,2548,,,,,,
23/03/2016,2566,,,,,,
22/03/2016,2596,,,,,,
21/03/2016,2595,,,,,,
20/03/2016,2620,,,,,,
17/03/2016,2555,,,,,,
16/03/2016,2556,,,,,,
15/03/2016,2357,,,,,,
14/03/2016,2250,,,,,,
13/03/2016,2257,,,,,,
10/03/2016,2233,,,,,,
09/03/2016,2265,,,,,,
08/03/2016,2319,,,,,,
07/03/2016,2363,,,,,,
06/03/2016,2373,,,,,,
03/03/2016,2392,,,,,,
02/03/2016,2400,,,,,,
01/03/2016,2369,,,,,,
29/02/2016,2354,,,,,,
28/02/2016,2337,,,,,,
25/02/2016,2317,,,,,,
24/02/2016,2301,,,,,,
23/02/2016,2304,,,,,,
22/02/2016,2286,,,,,,
21/02/2016,2342,,,,,,
18/02/2016,2360,,,,,,
17/02/2016,2387,,,,,,
16/02/2016,2386,,,,,,
15/02/2016,2391,,,,,,
14/02/2016,2355,,,,,,
11/02/2016,2339,,,,,,
10/02/2016,2429,,,,,,
09/02/2016,2428,,,,,,
08/02/2016,2460,,,,,,
07/02/2016,2511,,,,,,
04/02/2016,2530,,,,,,
03/02/2016,2528,,,,,,
02/02/2016,2532,,,,,,
01/02/2016,2538,,,,,,
31/01/2016,2577,,,,,,
28/01/2016,2530,,,,,,
27/01/2016,2450,,,,,,
26/01/2016,2428,,,,,,
25/01/2016,2449,,,,,,
24/01/2016,2480,,,,,,
21/01/2016,2502,,,,,,
20/01/2016,2473,,,,,,
19/01/2016,2637,,,,,,
18/01/2016,2624,,,,,,
17/01/2016,2557,,,,,,
14/01/2016,2611,,,,,,
13/01/2016,2681,,,,,,
12/01/2016,2698,,,,,,
11/01/2016,2674,,,,,,
10/01/2016,2621,,,,,,
07/01/2016,2660,,,,,,
06/01/2016,2729,,,,,,
05/01/2016,2644,,,,,,
04/01/2016,2492,,,,,,
03/01/2016,2500,,,,,,
31/12/2015,2423,,,,,,
30/12/2015,2430,,,,,,
29/12/2015,2453,,,,,,
28/12/2015,2507,,,,,,
27/12/2015,2497,,,,,,
24/12/2015,2457,,,,,,
23/12/2015,2418,,,,,,
22/12/2015,2461,,,,,,
21/12/2015,2522,,,,,,
20/12/2015,2450,,,,,,
17/12/2015,2520,,,,,,
16/12/2015,2619,,,,,,
15/12/2015,2637,,,,,,
14/12/2015,2520,,,,,,
13/12/2015,2540,,,,,,
10/12/2015,2652,,,,,,
09/12/2015,2705,,,,,,
08/12/2015,2759,,,,,,
07/12/2015,2782,,,,,,
06/12/2015,2803,,,,,,
03/12/2015,2815,,,,,,
02/12/2015,2776,,,,,,
01/12/2015,2752,,,,,,
30/11/2015,2760,,,,,,
29/11/2015,2759,,,,,,
26/11/2015,2828,,,,,,
25/11/2015,2828,,,,,,
24/11/2015,2751,,,,,,
23/11/2015,2815,,,,,,
22/11/2015,2806,,,,,,
19/11/2015,2839,,,,,,
18/11/2015,2908,,,,,,
17/11/2015,2898,,,,,,
16/11/2015,2846,,,,,,
15/11/2015,2762,,,,,,
12/11/2015,2825,,,,,,
11/11/2015,2775,,,,,,
10/11/2015,2840,,,,,,
09/11/2015,2880,,,,,,
08/11/2015,2850,,,,,,
05/11/2015,2850,,,,,,
04/11/2015,2930,,,,,,
03/11/2015,3030,,,,,,
02/11/2015,3069,,,,,,
01/11/2015,2950,,,,,,
29/10/2015,2880,,,,,,
28/10/2015,2880,,,,,,
27/10/2015,2999,,,,,,
26/10/2015,3060,,,,,,
25/10/2015,2953,,,,,,
22/10/2015,2948,,,,,,
21/10/2015,2948,,,,,,
20/10/2015,2766,,,,,,
19/10/2015,2707,,,,,,
18/10/2015,2752,,,,,,
15/10/2015,2722,,,,,,
14/10/2015,2616,,,,,,
13/10/2015,2630,,,,,,
12/10/2015,2619,,,,,,
11/10/2015,2433,,,,,,
08/10/2015,2470,,,,,,
07/10/2015,2434,,,,,,
06/10/2015,2363,,,,,,
01/10/2015,2380,,,,,,
30/09/2015,2460,,,,,,
29/09/2015,2585,,,,,,
24/09/2015,2620,,,,,,
21/09/2015,2679,,,,,,
20/09/2015,2640,,,,,,
17/09/2015,2700,,,,,,
16/09/2015,2676,,,,,,
10/09/2015,2725,,,,,,
09/09/2015,2662,,,,,,
08/09/2015,2600,,,,,,
07/09/2015,2542,,,,,,
06/09/2015,2572,,,,,,
03/09/2015,2599,,,,,,
02/09/2015,2624,,,,,,
01/09/2015,2571,,,,,,
31/08/2015,2556,,,,,,
30/08/2015,2523,,,,,,
27/08/2015,2560,,,,,,
26/08/2015,2685,,,,,,
25/08/2015,2325,,,,,,
24/08/2015,2230,,,,,,
23/08/2015,2324,,,,,,
20/08/2015,2421,,,,,,
19/08/2015,2585,,,,,,
18/08/2015,2764,,,,,,
17/08/2015,2667,,,,,,
16/08/2015,2495,,,,,,
13/08/2015,2370,,,,,,
12/08/2015,2345,,,,,,
11/08/2015,2375,,,,,,
10/08/2015,2366,,,,,,
09/08/2015,2248,,,,,,
06/08/2015,2243,,,,,,
05/08/2015,2323,,,,,,
04/08/2015,2369,,,,,,
03/08/2015,2363,,,,,,
02/08/2015,2325,,,,,,
30/07/2015,2340,,,,,,
29/07/2015,2353,,,,,,
28/07/2015,2320,,,,,,
27/07/2015,2151,,,,,,
23/07/2015,2170,,,,,,
22/07/2015,2197,,,,,,
21/07/2015,2210,,,,,,
20/07/2015,2200,,,,,,
19/07/2015,1990,,,,,,
16/07/2015,1895,,,,,,
15/07/2015,1635,,,,,,
14/07/2015,1520,,,,,,
13/07/2015,1475,,,,,,
12/07/2015,1424,,,,,,
09/07/2015,1396,,,,,,
08/07/2015,1390,,,,,,
07/07/2015,1420,,,,,,
06/07/2015,1418,,,,,,
05/07/2015,1439,,,,,,
02/07/2015,1445,,,,,,
01/07/2015,1465,,,,,,
30/06/2015,1509,,,,,,
29/06/2015,1532,,,,,,
28/06/2015,1544,,,,,,
25/06/2015,1565,,,,,,
24/06/2015,1452,,,,,,
23/06/2015,1487,,,,,,
22/06/2015,1504,,,,,,
21/06/2015,1472,,,,,,
18/06/2015,1455,,,,,,
17/06/2015,1472,,,,,,
16/06/2015,1483,,,,,,
15/06/2015,1475,,,,,,
14/06/2015,1505,,,,,,
11/06/2015,1506,,,,,,
10/06/2015,1508,,,,,,
09/06/2015,1535,,,,,,
08/06/2015,1562,,,,,,
07/06/2015,1577,,,,,,
04/06/2015,1579,,,,,,
03/06/2015,1562,,,,,,
02/06/2015,1577,,,,,,
01/06/2015,1618,,,,,,
31/05/2015,1565,,,,,,
28/05/2015,1593,,,,,,
27/05/2015,1520,,,,,,
26/05/2015,1535,,,,,,
25/05/2015,1574,,,,,,
21/05/2015,1560,,,,,,
20/05/2015,1571,,,,,,
19/05/2015,1606,,,,,,
18/05/2015,1588,,,,,,
17/05/2015,1551,,,,,,
14/05/2015,1558,,,,,,
13/05/2015,1607,,,,,,
12/05/2015,1643,,,,,,
11/05/2015,1691,,,,,,
10/05/2015,1702,,,,,,
07/05/2015,1718,,,,,,
06/05/2015,1748,,,,,,
05/05/2015,1801,,,,,,
04/05/2015,1827,,,,,,
03/05/2015,1788,,,,,,
30/04/2015,1781,,,,,,
29/04/2015,1779,,,,,,
28/04/2015,1815,,,,,,
27/04/2015,1858,,,,,,
26/04/2015,1873,,,,,,
21/04/2015,1902,,,,,,
20/04/2015,1931,,,,,,
19/04/2015,1951,,,,,,
16/04/2015,2020,,,,,,
15/04/2015,2018,,,,,,
14/04/2015,1966,,,,,,
13/04/2015,1983,,,,,,
12/04/2015,1964,,,,,,
08/04/2015,1905,,,,,,
07/04/2015,1948,,,,,,
06/04/2015,1914,,,,,,
05/04/2015,1881,,,,,,
02/04/2015,1845,,,,,,
01/04/2015,1881,,,,,,
31/03/2015,1923,,,,,,
30/03/2015,1994,,,,,,
29/03/2015,2012,,,,,,
26/03/2015,2040,,,,,,
25/03/2015,1982,,,,,,
24/03/2015,1961,,,,,,
23/03/2015,1982,,,,,,
22/03/2015,2045,,,,,,
19/03/2015,2052,,,,,,
18/03/2015,2049,,,,,,
16/03/2015,2019,,,,,,
15/03/2015,1955,,,,,,
12/03/2015,2010,,,,,,
11/03/2015,2090,,,,,,
10/03/2015,2262,,,,,,
09/03/2015,2284,,,,,,
08/03/2015,2335,,,,,,
04/03/2015,2380,,,,,,
03/03/2015,2372,,,,,,
02/03/2015,2296,,,,,,
01/03/2015,2352,,,,,,
26/02/2015,2352,,,,,,
25/02/2015,2390,,,,,,
24/02/2015,2397,,,,,,
23/02/2015,2436,,,,,,
22/02/2015,2478,,,,,,
19/02/2015,2364,,,,,,
18/02/2015,2330,,,,,,
17/02/2015,2343,,,,,,
16/02/2015,2357,,,,,,
15/02/2015,2234,,,,,,
12/02/2015,2230,,,,,,
11/02/2015,2223,,,,,,
10/02/2015,2285,,,,,,
09/02/2015,2235,,,,,,
08/02/2015,2220,,,,,,
05/02/2015,2170,,,,,,
04/02/2015,2131,,,,,,
03/02/2015,2188,,,,,,
02/02/2015,1947,,,,,,
01/02/2015,2024,,,,,,
29/01/2015,2079,,,,,,
28/01/2015,2101,,,,,,
27/01/2015,2148,,,,,,
26/01/2015,2070,,,,,,
25/01/2015,2045,,,,,,
22/01/2015,2150,,,,,,
21/01/2015,2157,,,,,,
20/01/2015,2136,,,,,,
19/01/2015,1960,,,,,,
18/01/2015,2220,,,,,,
15/01/2015,2387,,,,,,
14/01/2015,2379,,,,,,
13/01/2015,2490,,,,,,
12/01/2015,2622,,,,,,
11/01/2015,2692,,,,,,
08/01/2015,2739,,,,,,
07/01/2015,2775,,,,,,
06/01/2015,2833,,,,,,
05/01/2015,2891,,,,,,
04/01/2015,3019,,,,,,
01/01/2015,3269,,,,,,
31/12/2014,3396,,,,,,
30/12/2014,3350,,,,,,
29/12/2014,3455,,,,,,
28/12/2014,3572,,,,,,
25/12/2014,3667,,,,,,
24/12/2014,3669,,,,,,
23/12/2014,3590,,,,,,
22/12/2014,3566,,,,,,
21/12/2014,3514,,,,,,
18/12/2014,3527,,,,,,
17/12/2014,3457,,,,,,
16/12/2014,3470,,,,,,
15/12/2014,3592,,,,,,
14/12/2014,3597,,,,,,
11/12/2014,3597,,,,,,
10/12/2014,3540,,,,,,
09/12/2014,3567,,,,,,
08/12/2014,3616,,,,,,
07/12/2014,3611,,,,,,
04/12/2014,3687,,,,,,
03/12/2014,3732,,,,,,
02/12/2014,3694,,,,,,
01/12/2014,3650,,,,,,
30/11/2014,3685,,,,,,
27/11/2014,3638,,,,,,
26/11/2014,3519,,,,,,
25/11/2014,3445,,,,,,
24/11/2014,3517,,,,,,
23/11/2014,3550,,,,,,
20/11/2014,3552,,,,,,
19/11/2014,3582,,,,,,
18/11/2014,3487,,,,,,
17/11/2014,3455,,,,,,
16/11/2014,3529,,,,,,
13/11/2014,3550,,,,,,
12/11/2014,3613,,,,,,
11/11/2014,3714,,,,,,
10/11/2014,3758,,,,,,
09/11/2014,3729,,,,,,
06/11/2014,3781,,,,,,
05/11/2014,3748,,,,,,
04/11/2014,3750,,,,,,
03/11/2014,3820,,,,,,
02/11/2014,3770,,,,,,
30/10/2014,3838,,,,,,
29/10/2014,3929,,,,,,
28/10/2014,3979,,,,,,
27/10/2014,3968,,,,,,
26/10/2014,3936,,,,,,
23/10/2014,3950,,,,,,
22/10/2014,3965,,,,,,
21/10/2014,3992,,,,,,
20/10/2014,3925,,,,,,
19/10/2014,3974,,,,,,
14/10/2014,4026,,,,,,
13/10/2014,4050,,,,,,
12/10/2014,4020,,,,,,
07/10/2014,4171,,,,,,
06/10/2014,4148,,,,,,
05/10/2014,4033,,,,,,
02/10/2014,4075,,,,,,
01/10/2014,4040,,,,,,
30/09/2014,4070,,,,,,
29/09/2014,4074,,,,,,
28/09/2014,4173,,,,,,
23/09/2014,4221,,,,,,
22/09/2014,4192,,,,,,
21/09/2014,4272,,,,,,
18/09/2014,4232,,,,,,
17/09/2014,4307,,,,,,
16/09/2014,4258,,,,,,
15/09/2014,4270,,,,,,
14/09/2014,4370,,,,,,
11/09/2014,4420,,,,,,
10/09/2014,4408,,,,,,
09/09/2014,4359,,,,,,
08/09/2014,4341,,,,,,
07/09/2014,4360,,,,,,
04/09/2014,4316,,,,,,
03/09/2014,4284,,,,,,
02/09/2014,4184,,,,,,
01/09/2014,4189,,,,,,
31/08/2014,4157,,,,,,
28/08/2014,4183,,,,,,
27/08/2014,4217,,,,,,
26/08/2014,4116,,,,,,
25/08/2014,4033,,,,,,
24/08/2014,4070,,,,,,
21/08/2014,4113,,,,,,
20/08/2014,4093,,,,,,
19/08/2014,4141,,,,,,
18/08/2014,4189,,,,,,
17/08/2014,4246,,,,,,
14/08/2014,4270,,,,,,
13/08/2014,4270,,,,,,
12/08/2014,4218,,,,,,
11/08/2014,4241,,,,,,
10/08/2014,4181,,,,,,
07/08/2014,4179,,,,,,
06/08/2014,4205,,,,,,
04/08/2014,4211,,,,,,
03/08/2014,4191,,,,,,
31/07/2014,4239,,,,,,
30/07/2014,4243,,,,,,
29/07/2014,4215,,,,,,
28/07/2014,4228,,,,,,
27/07/2014,4205,,,,,,
24/07/2014,4220,,,,,,
23/07/2014,4220,,,,,,
22/07/2014,4172,,,,,,
21/07/2014,4214,,,,,,
20/07/2014,4121,,,,,,
17/07/2014,4119,,,,,,
16/07/2014,4056,,,,,,
15/07/2014,4013,,,,,,
14/07/2014,4090,,,,,,
13/07/2014,4085,,,,,,
10/07/2014,3970,,,,,,
09/07/2014,3962,,,,,,
08/07/2014,3960,,,,,,
07/07/2014,3950,,,,,,
06/07/2014,4036,,,,,,
03/07/2014,4080,,,,,,
02/07/2014,4089,,,,,,
01/07/2014,4120,,,,,,
30/06/2014,4185,,,,,,
29/06/2014,4189,,,,,,
26/06/2014,4250,,,,,,
25/06/2014,4355,,,,,,
24/06/2014,4497,,,,,,
23/06/2014,4497,,,,,,
22/06/2014,4424,,,,,,
19/06/2014,4440,,,,,,
18/06/2014,4484,,,,,,
17/06/2014,4508,,,,,,
16/06/2014,4552,,,,,,
15/06/2014,4562,,,,,,
12/06/2014,4626,,,,,,
11/06/2014,4696,,,,,,
10/06/2014,4710,,,,,,
09/06/2014,4708,,,,,,
08/06/2014,4641,,,,,,
05/06/2014,4588,,,,,,
02/06/2014,4484,,,,,,
01/06/2014,4547,,,,,,
29/05/2014,4550,,,,,,
28/05/2014,4523,,,,,,
27/05/2014,4554,,,,,,
26/05/2014,4595,,,,,,
25/05/2014,4519,,,,,,
22/05/2014,4516,,,,,,
21/05/2014,4527,,,,,,
20/05/2014,4566,,,,,,
19/05/2014,4525,,,,,,
18/05/2014,4572,,,,,,
15/05/2014,4505,,,,,,
14/05/2014,4576,,,,,,
13/05/2014,4345,,,,,,
12/05/2014,4351,,,,,,
11/05/2014,4357,,,,,,
08/05/2014,4361,,,,,,
07/05/2014,4334,,,,,,
04/05/2014,4378,,,,,,
01/05/2014,4413,,,,,,
30/04/2014,4382,,,,,,
29/04/2014,4495,,,,,,
28/04/2014,4499,,,,,,
27/04/2014,4580,,,,,,
24/04/2014,4648,,,,,,
23/04/2014,4693,,,,,,
22/04/2014,4727,,,,,,
17/04/2014,4764,,,,,,
16/04/2014,4839,,,,,,
13/04/2014,4811,,,,,,
10/04/2014,4817,,,,,,
09/04/2014,4749,,,,,,
08/04/2014,4805,,,,,,
07/04/2014,4740,,,,,,
06/04/2014,4754,,,,,,
03/04/2014,4724,,,,,,
02/04/2014,4615,,,,,,
01/04/2014,4713,,,,,,
31/03/2014,4774,,,,,,
30/03/2014,4794,,,,,,
27/03/2014,4783,,,,,,
26/03/2014,4735,,,,,,
25/03/2014,4661,,,,,,
24/03/2014,4608,,,,,,
23/03/2014,4587,,,,,,
20/03/2014,4483,,,,,,
19/03/2014,4598,,,,,,
18/03/2014,4608,,,,,,
17/03/2014,4633,,,,,,
13/03/2014,4543,,,,,,
12/03/2014,4503,,,,,,
11/03/2014,4540,,,,,,
10/03/2014,4454,,,,,,
09/03/2014,4447,,,,,,
06/03/2014,4410,,,,,,
05/03/2014,4376,,,,,,
04/03/2014,4377,,,,,,
03/03/2014,4350,,,,,,
02/03/2014,4409,,,,,,
27/02/2014,4407,,,,,,
26/02/2014,4395,,,,,,
25/02/2014,4385,,,,,,
24/02/2014,4343,,,,,,
23/02/2014,4293,,,,,,
20/02/2014,4305,,,,,,
19/02/2014,4337,,,,,,
18/02/2014,4388,,,,,,
17/02/2014,4457,,,,,,
16/02/2014,4390,,,,,,
13/02/2014,4378,,,,,,
12/02/2014,4356,,,,,,
11/02/2014,4377,,,,,,
10/02/2014,4345,,,,,,
09/02/2014,4345,,,,,,
06/02/2014,4300,,,,,,
05/02/2014,4338,,,,,,
04/02/2014,4293,,,,,,
03/02/2014,4222,,,,,,
02/02/2014,4328,,,,,,
30/01/2014,4406,,,,,,
29/01/2014,4441,,,,,,
28/01/2014,4535,,,,,,
27/01/2014,4536,,,,,,
26/01/2014,4536,,,,,,
23/01/2014,4602,,,,,,
22/01/2014,4600,,,,,,
21/01/2014,4588,,,,,,
20/01/2014,4608,,,,,,
19/01/2014,4608,,,,,,
16/01/2014,4666,,,,,,
15/01/2014,4648,,,,,,
14/01/2014,4590,,,,,,
13/01/2014,4577,,,,,,
12/01/2014,4627,,,,,,
09/01/2014,4619,,,,,,
08/01/2014,4675,,,,,,
07/01/2014,4730,,,,,,
06/01/2014,4679,,,,,,
05/01/2014,4695,,,,,,
02/01/2014,4723,,,,,,
01/01/2014,4850,,,,,,
31/12/2013,4784,,,,,,
30/12/2013,4699,,,,,,
29/12/2013,4659,,,,,,
26/12/2013,4725,,,,,,
25/12/2013,4800,,,,,,
24/12/2013,4854,,,,,,
23/12/2013,4897,,,,,,
22/12/2013,4874,,,,,,
19/12/2013,4750,,,,,,
18/12/2013,4803,,,,,,
17/12/2013,4778,,,,,,
16/12/2013,4763,,,,,,
15/12/2013,4703,,,,,,
12/12/2013,4650,,,,,,
11/12/2013,4652,,,,,,
10/12/2013,4652,,,,,,
09/12/2013,4756,,,,,,
08/12/2013,4815,,,,,,
05/12/2013,4750,,,,,,
04/12/2013,4785,,,,,,
03/12/2013,4797,,,,,,
02/12/2013,4925,,,,,,
01/12/2013,4900,,,,,,
28/11/2013,4770,,,,,,
27/11/2013,4726,,,,,,
26/11/2013,4911,,,,,,
25/11/2013,4825,,,,,,
24/11/2013,4970,,,,,,
21/11/2013,4865,,,,,,
20/11/2013,4823,,,,,,
19/11/2013,4718,,,,,,
18/11/2013,4606,,,,,,
17/11/2013,4540,,,,,,
14/11/2013,4550,,,,,,
13/11/2013,4600,,,,,,
12/11/2013,4400,,,,,,
11/11/2013,4300,,,,,,
10/11/2013,4392,,,,,,
07/11/2013,4222,,,,,,
06/11/2013,4198,,,,,,
05/11/2013,4109,,,,,,
04/11/2013,4094,,,,,,
03/11/2013,4120,,,,,,
31/10/2013,4124,,,,,,
30/10/2013,4173,,,,,,
29/10/2013,4184,,,,,,
28/10/2013,4125,,,,,,
27/10/2013,4186,,,,,,
24/10/2013,4140,,,,,,
23/10/2013,4136,,,,,,
22/10/2013,4209,,,,,,
21/10/2013,4189,,,,,,
20/10/2013,4233,,,,,,
17/10/2013,4180,,,,,,
16/10/2013,4245,,,,,,
15/10/2013,4218,,,,,,
14/10/2013,4256,,,,,,
13/10/2013,4202,,,,,,
10/10/2013,4244,,,,,,
09/10/2013,4229,,,,,,
08/10/2013,4260,,,,,,
07/10/2013,4179,,,,,,
06/10/2013,4114,,,,,,
03/10/2013,4000,,,,,,
02/10/2013,3989,,,,,,
01/10/2013,3950,,,,,,
30/09/2013,3935,,,,,,
29/09/2013,3957,,,,,,
24/09/2013,3888,,,,,,
23/09/2013,3934,,,,,,
22/09/2013,3855,,,,,,
17/09/2013,3883,,,,,,
16/09/2013,3903,,,,,,
15/09/2013,3922,,,,,,
12/09/2013,3912,,,,,,
11/09/2013,3936,,,,,,
10/09/2013,3913,,,,,,
09/09/2013,3860,,,,,,
08/09/2013,3875,,,,,,
03/09/2013,3994,,,,,,
02/09/2013,4000,,,,,,
01/09/2013,3985,,,,,,
29/08/2013,3971,,,,,,
28/08/2013,3893,,,,,,
27/08/2013,3892,,,,,,
26/08/2013,4010,,,,,,
25/08/2013,4178,,,,,,
22/08/2013,4193,,,,,,
21/08/2013,4170,,,,,,
20/08/2013,4115,,,,,,
19/08/2013,4155,,,,,,
18/08/2013,4022,,,,,,
15/08/2013,4005,,,,,,
14/08/2013,4005,,,,,,
13/08/2013,3960,,,,,,
12/08/2013,3892,,,,,,
11/08/2013,3824,,,,,,
08/08/2013,3919,,,,,,
07/08/2013,3928,,,,,,
06/08/2013,3963,,,,,,
05/08/2013,3934,,,,,,
04/08/2013,3959,,,,,,
01/08/2013,4062,,,,,,
31/07/2013,3991,,,,,,
30/07/2013,3907,,,,,,
29/07/2013,3880,,,,,,
28/07/2013,3940,,,,,,
25/07/2013,3925,,,,,,
24/07/2013,3808,,,,,,
23/07/2013,3777,,,,,,
22/07/2013,3826,,,,,,
21/07/2013,3770,,,,,,
18/07/2013,3722,,,,,,
17/07/2013,3627,,,,,,
15/07/2013,3605,,,,,,
14/07/2013,3551,,,,,,
11/07/2013,3499,,,,,,
10/07/2013,3435,,,,,,
09/07/2013,3451,,,,,,
08/07/2013,3393,,,,,,
07/07/2013,3305,,,,,,
04/07/2013,3330,,,,,,
03/07/2013,3333,,,,,,
02/07/2013,3347,,,,,,
01/07/2013,3329,,,,,,
30/06/2013,3373,,,,,,
27/06/2013,3375,,,,,,
26/06/2013,3386,,,,,,
25/06/2013,3360,,,,,,
24/06/2013,3264,,,,,,
23/06/2013,3250,,,,,,
20/06/2013,3306,,,,,,
19/06/2013,3319,,,,,,
18/06/2013,3349,,,,,,
17/06/2013,3373,,,,,,
16/06/2013,3339,,,,,,
13/06/2013,3355,,,,,,
12/06/2013,3360,,,,,,
11/06/2013,3335,,,,,,
10/06/2013,3307,,,,,,
09/06/2013,3281,,,,,,
06/06/2013,3240,,,,,,
05/06/2013,3287,,,,,,
04/06/2013,3282,,,,,,
03/06/2013,3240,,,,,,
02/06/2013,3232,,,,,,
30/05/2013,3220,,,,,,
29/05/2013,3277,,,,,,
28/05/2013,3354,,,,,,
27/05/2013,3320,,,,,,
26/05/2013,3254,,,,,,
23/05/2013,3240,,,,,,
22/05/2013,3260,,,,,,
21/05/2013,3299,,,,,,
20/05/2013,3200,,,,,,
19/05/2013,3144,,,,,,
16/05/2013,3154,,,,,,
13/05/2013,3275,,,,,,
12/05/2013,3356,,,,,,
09/05/2013,3429,,,,,,
08/05/2013,3497,,,,,,
07/05/2013,3487,,,,,,
06/05/2013,3486,,,,,,
05/05/2013,3498,,,,,,
02/05/2013,3495,,,,,,
01/05/2013,3522,,,,,,
30/04/2013,3470,,,,,,
29/04/2013,3385,,,,,,
28/04/2013,3301,,,,,,
25/04/2013,3316,,,,,,
24/04/2013,3276,,,,,,
23/04/2013,3324,,,,,,
22/04/2013,3352,,,,,,
21/04/2013,3397,,,,,,
18/04/2013,3307,,,,,,
17/04/2013,3331,,,,,,
14/04/2013,3400,,,,,,
11/04/2013,3436,,,,,,
10/04/2013,3356,,,,,,
09/04/2013,3227,,,,,,
08/04/2013,3052,,,,,,
07/04/2013,2966,,,,,,
04/04/2013,3011,,,,,,
03/04/2013,3022,,,,,,
02/04/2013,3004,,,,,,
28/03/2013,3046,,,,,,
27/03/2013,3085,,,,,,
24/03/2013,3098,,,,,,
21/03/2013,3109,,,,,,
20/03/2013,3156,,,,,,
19/03/2013,3051,,,,,,
18/03/2013,2975,,,,,,
17/03/2013,2924,,,,,,
14/03/2013,2894,,,,,,
13/03/2013,2827,,,,,,
12/03/2013,2810,,,,,,
11/03/2013,2778,,,,,,
10/03/2013,2803,,,,,,
07/03/2013,2809,,,,,,
06/03/2013,2787,,,,,,
05/03/2013,2725,,,,,,
04/03/2013,2702,,,,,,
03/03/2013,2679,,,,,,
28/02/2013,2715,,,,,,
27/02/2013,2710,,,,,,
26/02/2013,2709,,,,,,
25/02/2013,2713,,,,,,
21/02/2013,2757,,,,,,
20/02/2013,2825,,,,,,
19/02/2013,2812,,,,,,
18/02/2013,2780,,,,,,
17/02/2013,2813,,,,,,
14/02/2013,2821,,,,,,
13/02/2013,2843,,,,,,
12/02/2013,2842,,,,,,
11/02/2013,2817,,,,,,
10/02/2013,2760,,,,,,
07/02/2013,2828,,,,,,
06/02/2013,2861,,,,,,
05/02/2013,2825,,,,,,
04/02/2013,2805,,,,,,
03/02/2013,2855,,,,,,
31/01/2013,2772,,,,,,
30/01/2013,2710,,,,,,
29/01/2013,2734,,,,,,
28/01/2013,2804,,,,,,
27/01/2013,2837,,,,,,
24/01/2013,2920,,,,,,
23/01/2013,3000,,,,,,
21/01/2013,3026,,,,,,
20/01/2013,3049,,,,,,
17/01/2013,3083,,,,,,
16/01/2013,3099,,,,,,
15/01/2013,3044,,,,,,
14/01/2013,3071,,,,,,
13/01/2013,3102,,,,,,
10/01/2013,3048,,,,,,
09/01/2013,3120,,,,,,
08/01/2013,3118,,,,,,
07/01/2013,3166,,,,,,
06/01/2013,3240,,,,,,
03/01/2013,3162,,,,,,
02/01/2013,3123,,,,,,
01/01/2013,3125,,,,,,
31/12/2012,3075,,,,,,
30/12/2012,3074,,,,,,
27/12/2012,3112,,,,,,
26/12/2012,3239,,,,,,
25/12/2012,3215,,,,,,
24/12/2012,3307,,,,,,
23/12/2012,3367,,,,,,
20/12/2012,3465,,,,,,
19/12/2012,3410,,,,,,
18/12/2012,3375,,,,,,
17/12/2012,3384,,,,,,
16/12/2012,3450,,,,,,
13/12/2012,3535,,,,,,
12/12/2012,3578,,,,,,
11/12/2012,3606,,,,,,
10/12/2012,3566,,,,,,
09/12/2012,3603,,,,,,
06/12/2012,3530,,,,,,
05/12/2012,3642,,,,,,
04/12/2012,3695,,,,,,
03/12/2012,3803,,,,,,
02/12/2012,3905,,,,,,
29/11/2012,3789,,,,,,
28/11/2012,3635,,,,,,
27/11/2012,3731,,,,,,
26/11/2012,3752,,,,,,
25/11/2012,3740,,,,,,
22/11/2012,3730,,,,,,
21/11/2012,3656,,,,,,
20/11/2012,3687,,,,,,
19/11/2012,3616,,,,,,
18/11/2012,3591,,,,,,
15/11/2012,3500,,,,,,
14/11/2012,3575,,,,,,
13/11/2012,3600,,,,,,
12/11/2012,3477,,,,,,
11/11/2012,3429,,,,,,
08/11/2012,3363,,,,,,
07/11/2012,3446,,,,,,
06/11/2012,3446,,,,,,
05/11/2012,3440,,,,,,
04/11/2012,3435,,,,,,
01/11/2012,3475,,,,,,
31/10/2012,3470,,,,,,
30/10/2012,3487,,,,,,
29/10/2012,3406,,,,,,
28/10/2012,3451,,,,,,
25/10/2012,3499,,,,,,
24/10/2012,3457,,,,,,
23/10/2012,3516,,,,,,
22/10/2012,3662,,,,,,
21/10/2012,3620,,,,,,
18/10/2012,3663,,,,,,
17/10/2012,3632,,,,,,
16/10/2012,3587,,,,,,
15/10/2012,3604,,,,,,
14/10/2012,3620,,,,,,
11/10/2012,3412,,,,,,
10/10/2012,3396,,,,,,
09/10/2012,3365,,,,,,
04/10/2012,3319,,,,,,
03/10/2012,3305,,,,,,
02/10/2012,3351,,,,,,
27/09/2012,3365,,,,,,
24/09/2012,3475,,,,,,
23/09/2012,3390,,,,,,
20/09/2012,3250,,,,,,
19/09/2012,3175,,,,,,
13/09/2012,3090,,,,,,
12/09/2012,3153,,,,,,
11/09/2012,3022,,,,,,
10/09/2012,2972,,,,,,
09/09/2012,2996,,,,,,
06/09/2012,2880,,,,,,
05/09/2012,2829,,,,,,
04/09/2012,2850,,,,,,
03/09/2012,2875,,,,,,
02/09/2012,2864,,,,,,
30/08/2012,2815,,,,,,
29/08/2012,2786,,,,,,
28/08/2012,2821,,,,,,
27/08/2012,2784,,,,,,
26/08/2012,2716,,,,,,
23/08/2012,2670,,,,,,
22/08/2012,2800,,,,,,
21/08/2012,2865,,,,,,
20/08/2012,2907,,,,,,
19/08/2012,2865,,,,,,
16/08/2012,3000,,,,,,
15/08/2012,2706,,,,,,
14/08/2012,2547,,,,,,
13/08/2012,2495,,,,,,
12/08/2012,2522,,,,,,
09/08/2012,2492,,,,,,
08/08/2012,2458,,,,,,
07/08/2012,2437,,,,,,
06/08/2012,2424,,,,,,
05/08/2012,2394,,,,,,
02/08/2012,2438,,,,,,
01/08/2012,2360,,,,,,
31/07/2012,2236,,,,,,
30/07/2012,2172,,,,,,
26/07/2012,2159,,,,,,
25/07/2012,2095,,,,,,
24/07/2012,2099,,,,,,
23/07/2012,2016,,,,,,
22/07/2012,2130,,,,,,
19/07/2012,2264,,,,,,
18/07/2012,2345,,,,,,
17/07/2012,2385,,,,,,
16/07/2012,2397,,,,,,
15/07/2012,2426,,,,,,
12/07/2012,2537,,,,,,
11/07/2012,2550,,,,,,
10/07/2012,2631,,,,,,
09/07/2012,2728,,,,,,
08/07/2012,2655,,,,,,
05/07/2012,2449,,,,,,
04/07/2012,2407,,,,,,
03/07/2012,2361,,,,,,
02/07/2012,2340,,,,,,
01/07/2012,2424,,,,,,
28/06/2012,2370,,,,,,
27/06/2012,2353,,,,,,
26/06/2012,2460,,,,,,
25/06/2012,2505,,,,,,
24/06/2012,2550,,,,,,
21/06/2012,2689,,,,,,
20/06/2012,2661,,,,,,
19/06/2012,2680,,,,,,
18/06/2012,2769,,,,,,
17/06/2012,2820,,,,,,
14/06/2012,2690,,,,,,
13/06/2012,2651,,,,,,
12/06/2012,2660,,,,,,
11/06/2012,2659,,,,,,
10/06/2012,2751,,,,,,
07/06/2012,2775,,,,,,
06/06/2012,2764,,,,,,
05/06/2012,2846,,,,,,
04/06/2012,2790,,,,,,
03/06/2012,2640,,,,,,
31/05/2012,2750,,,,,,
30/05/2012,2851,,,,,,
29/05/2012,2960,,,,,,
28/05/2012,2930,,,,,,
24/05/2012,2880,,,,,,
23/05/2012,2935,,,,,,
22/05/2012,3039,,,,,,
21/05/2012,3080,,,,,,
20/05/2012,3060,,,,,,
17/05/2012,3250,,,,,,
16/05/2012,3411,,,,,,
15/05/2012,3750,,,,,,
14/05/2012,4150,,,,,,
13/05/2012,4307,,,,,,
10/05/2012,4426,,,,,,
09/05/2012,4422,,,,,,
08/05/2012,4500,,,,,,
07/05/2012,4529,,,,,,
06/05/2012,4477,,,,,,
03/05/2012,4511,,,,,,
02/05/2012,4603,,,,,,
01/05/2012,4779,,,,,,
30/04/2012,4735,,,,,,
29/04/2012,4688,,,,,,
24/04/2012,4568,,,,,,
23/04/2012,4500,,,,,,
22/04/2012,4465,,,,,,
19/04/2012,4510,,,,,,
18/04/2012,4596,,,,,,
17/04/2012,4346,,,,,,
16/04/2012,4300,,,,,,
15/04/2012,4219,,,,,,
11/04/2012,4306,,,,,,
10/04/2012,4403,,,,,,
09/04/2012,4457,,,,,,
08/04/2012,4468,,,,,,
05/04/2012,4602,,,,,,
04/04/2012,4579,,,,,,
03/04/2012,4625,,,,,,
02/04/2012,4581,,,,,,
01/04/2012,4530,,,,,,
29/03/2012,4698,,,,,,
28/03/2012,4855,,,,,,
27/03/2012,4859,,,,,,
26/03/2012,4900,,,,,,
25/03/2012,4800,,,,,,
22/03/2012,4855,,,,,,
21/03/2012,4791,,,,,,
20/03/2012,4752,,,,,,
19/03/2012,4744,,,,,,
18/03/2012,4815,,,,,,
15/03/2012,4735,,,,,,
14/03/2012,4915,,,,,,
13/03/2012,4655,,,,,,
12/03/2012,4708,,,,,,
11/03/2012,4727,,,,,,
07/03/2012,4804,,,,,,
06/03/2012,4880,,,,,,
05/03/2012,4960,,,,,,
04/03/2012,4932,,,,,,
01/03/2012,5048,,,,,,
29/02/2012,5128,,,,,,
28/02/2012,5140,,,,,,
27/02/2012,5229,,,,,,
26/02/2012,5181,,,,,,
23/02/2012,5270,,,,,,
22/02/2012,5277,,,,,,
21/02/2012,5440,,,,,,
20/02/2012,5375,,,,,,
19/02/2012,5455,,,,,,
16/02/2012,5375,,,,,,
15/02/2012,5527,,,,,,
14/02/2012,5626,,,,,,
13/02/2012,5705,,,,,,
12/02/2012,5701,,,,,,
07/02/2012,5619,,,,,,
06/02/2012,5580,,,,,,
05/02/2012,5580,,,,,,
02/02/2012,5500,,,,,,
01/02/2012,5560,,,,,,
31/01/2012,5441,,,,,,
30/01/2012,5380,,,,,,
29/01/2012,5390,,,,,,
26/01/2012,5650,,,,,,
25/01/2012,5535,,,,,,
24/01/2012,5826,,,,,,
23/01/2012,5905,,,,,,
22/01/2012,5900,,,,,,
19/01/2012,5970,,,,,,
18/01/2012,6129,,,,,,
17/01/2012,6110,,,,,,
16/01/2012,6090,,,,,,
15/01/2012,5904,,,,,,
12/01/2012,6100,,,,,,
11/01/2012,6090,,,,,,
10/01/2012,6086,,,,,,
09/01/2012,5990,,,,,,
08/01/2012,6060,,,,,,
05/01/2012,6360,,,,,,
04/01/2012,6410,,,,,,
03/01/2012,6499,,,,,,
02/01/2012,6393,,,,,,
01/01/2012,6400,,,,,,
29/12/2011,6373,,,,,,
